date,geography,geography code,Total,White: Total,White: English/Welsh/Scottish/Northern Irish/British,White: Irish,White: Gypsy or Irish Traveller,White: Roma,White: Other White,Mixed/multiple ethnic groups: Total,Mixed/multiple ethnic groups: White and Black Caribbean,Mixed/multiple ethnic groups: White and Black African,Mixed/multiple ethnic groups: White and Asian,Mixed/multiple ethnic groups: Other Mixed,Asian/Asian British: Total,Asian/Asian British: Indian,Asian/Asian British: Pakistani,Asian/Asian British: Bangladeshi,Asian/Asian British: Chinese,Asian/Asian British: Other Asian,Black/African/Caribbean/Black British: Total,Black/African/Caribbean/Black British: African,Black/African/Caribbean/Black British: Caribbean,Black/African/Caribbean/Black British: Other Black,Other ethnic group: Total,Other ethnic group: Arab,Other ethnic group: Any other ethnic group
2021,Aldershot,E14000530,111274,87295,80342,741,212,114,5886,2855,756,456,923,720,15471,2295,1264,319,559,11034,2740,1592,694,454,2913,197,2716
2021,Aldridge-Brownhills,E14000531,77652,68848,67157,514,56,15,1106,1811,889,106,510,306,4771,3339,709,91,272,360,1463,576,711,176,759,35,724
2021,Altrincham and Sale West,E14000532,100923,81305,75844,1898,11,62,3490,3248,880,397,1156,815,12193,4499,3692,242,2787,973,1667,1080,407,180,2510,1106,1404
2021,Amber Valley,E14000533,90325,88233,86193,284,54,24,1678,964,401,120,264,179,726,260,60,30,184,192,236,117,87,32,166,8,158
2021,Arundel and South Downs,E14000534,104296,100610,96264,817,236,40,3253,1724,356,192,667,509,1153,371,53,92,235,402,346,202,96,48,463,75,388
2021,Ashfield,E14000535,104492,100262,96763,230,55,48,3166,1472,658,191,335,288,1444,609,154,44,262,375,916,524,242,150,398,50,348
2021,Ashford,E14000536,127325,111643,104620,732,665,77,5549,2809,759,432,873,745,7600,1690,388,336,573,4613,3401,2494,562,345,1872,297,1575
2021,Ashton-under-Lyne,E14000537,95973,76686,72822,604,42,141,3077,2304,876,412,582,434,12620,2575,7109,1444,772,720,3227,2576,313,338,1136,281,855
2021,Aylesbury,E14000538,125084,98432,88692,1122,134,170,8314,4716,1701,483,1250,1282,15571,3873,7745,352,582,3019,4441,2421,1447,573,1924,395,1529
2021,Banbury,E14000539,136464,120396,106351,1004,146,302,12593,3855,1045,617,1198,995,8114,2142,2977,208,1068,1719,2506,1521,608,377,1593,266,1327
2021,Barking,E14000540,145888,62690,41634,627,106,574,19749,6334,1980,1619,1056,1679,40591,7660,11655,16596,961,3719,30955,23449,3608,3898,5318,1083,4235
2021,Barnsley Central,E14000541,90561,87031,81544,199,108,179,5001,925,256,175,250,244,1111,222,155,19,288,427,776,616,70,90,718,116,602
2021,Barnsley East,E14000542,94359,91858,88326,169,94,119,3150,842,322,147,199,174,633,137,106,11,135,244,588,452,48,88,438,71,367
2021,Barrow and Furness,E14000543,87436,85055,83623,259,34,19,1120,718,144,94,294,186,1095,266,56,69,255,449,270,236,19,15,298,98,200
2021,Basildon and Billericay,E14000544,97700,85502,80018,670,59,155,4600,2640,916,477,607,640,4113,1890,461,443,385,934,4576,3283,655,638,869,142,727
2021,Basingstoke,E14000545,119495,101270,91880,837,113,214,8226,3600,1142,573,1053,832,9757,4210,626,443,860,3618,3096,2204,539,353,1772,315,1457
2021,Bassetlaw,E14000546,108408,104443,99371,287,112,60,4613,1319,484,170,353,312,1381,492,190,37,226,436,704,363,188,153,561,85,476
2021,Bath,E14000547,95044,83702,74429,911,49,168,8145,3544,933,405,1272,934,5107,1436,205,293,1743,1430,1387,748,460,179,1304,478,826
2021,Batley and Spen,E14000548,110690,80074,77371,335,53,69,2246,2409,731,213,1046,419,26468,11328,13902,164,281,793,871,494,258,119,868,238,630
2021,Battersea,E14000549,119432,81969,56056,2841,30,845,22197,7537,1941,934,2154,2508,10752,2496,2401,450,2136,3269,14218,7356,4906,1956,4956,1546,3410
2021,Beaconsfield,E14000550,105031,82417,74381,1616,210,113,6097,3697,942,340,1546,869,14696,9736,2304,343,592,1721,1643,754,642,247,2578,383,2195
2021,Beckenham,E14000551,92776,73646,64360,1757,65,140,7324,4961,1464,654,1425,1418,6923,3083,502,398,1402,1538,5020,2384,1911,725,2226,337,1889
2021,Bedford,E14000552,110601,76865,60170,1093,155,415,15032,5374,2263,622,1295,1194,18431,7389,4611,3954,515,1962,7289,3874,2559,856,2642,453,2189
2021,Bermondsey and Old Southwark,E14000553,142767,75475,46598,2784,49,1181,24863,9729,2554,1662,1994,3519,18067,3820,1027,3237,5588,4395,29670,20241,5366,4063,9826,2045,7781
2021,Berwick-upon-Tweed,E14000554,75538,74304,72850,231,55,24,1144,518,97,87,176,158,405,105,70,44,97,89,127,87,27,13,184,35,149
2021,Bethnal Green and Bow,E14000555,143020,58432,36513,1923,45,1010,18941,7081,1617,981,2076,2407,62584,3009,1341,52387,3228,2619,9716,6567,2105,1044,5207,1500,3707
2021,Beverley and Holderness,E14000556,99937,97780,96111,284,34,19,1332,832,194,134,290,214,837,187,84,17,164,385,234,154,54,26,254,62,192
2021,Bexhill and Battle,E14000557,104673,100132,96225,839,171,45,2852,1861,462,293,610,496,1549,456,38,160,285,610,567,339,170,58,564,163,401
2021,Bexleyheath and Crayford,E14000558,94614,68158,61176,970,239,116,5657,3181,872,617,867,825,10163,4626,580,699,1600,2658,10719,8334,1151,1234,2393,202,2191
2021,Birkenhead,E14000559,90278,84127,80699,835,11,72,2510,1528,369,313,446,400,3166,738,171,908,700,649,596,369,126,101,861,352,509
2021,"Birmingham, Edgbaston",E14000560,100129,58387,50889,1491,36,166,5805,6088,2593,737,1420,1338,19700,8742,4867,836,2173,3082,10721,5846,3622,1253,5233,1925,3308
2021,"Birmingham, Erdington",E14000561,104857,64733,55600,2057,66,169,6841,6399,3641,514,1069,1175,16414,2828,8941,1830,901,1914,14586,5815,6756,2015,2725,895,1830
2021,"Birmingham, Hall Green",E14000562,121915,33988,28021,2252,45,177,3493,4714,1474,368,1566,1306,65642,7940,46950,5944,570,4238,7862,4207,2810,845,9709,5679,4030
2021,"Birmingham, Hodge Hill",E14000563,132373,34185,30038,870,180,349,2748,5046,2301,359,1324,1062,73635,1572,57237,8012,273,6541,12576,8561,2813,1202,6931,1924,5007
2021,"Birmingham, Ladywood",E14000564,144060,33682,23133,1194,143,424,8788,7308,2783,951,1483,2091,55542,12047,22045,12721,3559,5170,37371,23735,10190,3446,10157,3832,6325
2021,"Birmingham, Northfield",E14000565,105895,82752,78134,1593,43,72,2910,6217,3517,484,1156,1060,6606,1746,1654,386,1021,1799,7935,3952,2766,1217,2385,798,1587
2021,"Birmingham, Perry Barr",E14000566,112442,35866,30127,1026,44,214,4455,4674,2116,370,1033,1155,48740,16890,17254,10387,550,3659,17901,6712,8982,2207,5261,669,4592
2021,"Birmingham, Selly Oak",E14000567,109606,75594,68826,2441,45,81,4201,6121,2808,423,1584,1306,17906,4539,7632,1521,2045,2169,6745,3255,2673,817,3240,1280,1960
2021,"Birmingham, Yardley",E14000568,116967,58682,51954,2248,73,140,4267,5380,2381,308,1559,1132,40879,4506,26370,6163,383,3457,7383,3866,2686,831,4643,1785,2858
2021,Bishop Auckland,E14000569,89913,88000,86443,186,334,40,997,674,153,169,220,132,744,211,66,21,209,237,331,221,54,56,164,35,129
2021,Blackburn,E14000570,114396,55627,51167,407,79,133,3841,2086,253,168,1103,562,53432,24054,26427,1407,267,1277,1242,955,143,144,2009,807,1202
2021,Blackley and Broughton,E14000571,128907,70416,58254,1331,241,206,10384,5510,1661,1568,1033,1248,27485,2243,19033,451,1986,3772,18415,15076,1285,2054,7081,2681,4400
2021,Blackpool North and Cleveleys,E14000572,82874,79355,76654,435,53,33,2180,1150,327,220,370,233,1636,375,159,171,311,620,353,240,75,38,380,106,274
2021,Blackpool South,E14000573,81001,76489,72733,485,195,177,2899,1288,381,224,349,334,2269,540,439,303,317,670,413,239,120,54,542,113,429
2021,Blaydon,E14000574,88020,85341,83739,248,44,39,1271,799,130,164,292,213,1088,285,242,54,270,237,293,224,27,42,499,140,359
2021,Blyth Valley,E14000575,85336,83345,82263,206,29,10,837,701,116,141,267,177,765,234,111,113,122,185,201,138,37,26,324,157,167
2021,Bognor Regis and Littlehampton,E14000576,110151,105086,95379,606,151,142,8808,1699,391,306,528,474,2033,560,81,447,315,630,633,363,163,107,700,91,609
2021,Bolsover,E14000577,99979,97358,93742,256,117,34,3209,967,371,138,242,216,888,339,89,20,186,254,479,277,131,71,287,46,241
2021,Bolton North East,E14000578,101083,74032,70339,555,369,144,2625,2424,798,428,731,467,18692,9065,8281,179,421,746,4189,3454,227,508,1746,753,993
2021,Bolton South East,E14000579,111408,66779,63080,424,96,164,3015,2426,505,522,914,485,33109,13245,16644,735,323,2162,5976,5033,234,709,3118,826,2292
2021,Bolton West,E14000580,99105,86836,84204,510,84,84,1954,2018,502,345,754,417,8028,3995,3043,75,426,489,1439,1111,164,164,784,260,524
2021,Bootle,E14000581,101381,96686,92767,717,28,118,3056,1464,315,362,361,426,1600,274,80,68,473,705,694,482,141,71,937,276,661
2021,Boston and Skegness,E14000582,109484,104665,89139,269,207,218,14832,1464,466,213,389,396,1855,706,379,102,200,468,560,420,80,60,940,133,807
2021,Bosworth,E14000583,106834,101255,97467,516,76,47,3149,1798,594,191,588,425,2543,1538,192,76,331,406,659,409,174,76,579,81,498
2021,Bournemouth East,E14000584,106937,94172,80393,787,55,351,12586,3914,924,654,1062,1274,4817,1759,201,338,844,1675,1624,1087,334,203,2410,607,1803
2021,Bournemouth West,E14000585,107623,95390,83470,696,171,360,10693,3980,1051,686,1056,1187,4467,1490,199,409,911,1458,1653,1106,385,162,2133,527,1606
2021,Bracknell,E14000586,113957,98293,88974,936,210,150,8023,3423,874,516,1218,815,8065,3365,811,217,759,2913,2723,1897,490,336,1453,272,1181
2021,Bradford East,E14000587,121814,56092,49856,348,271,496,5121,3973,1100,311,1788,774,55130,3630,43357,5350,286,2507,3367,2172,729,466,3252,717,2535
2021,Bradford South,E14000588,106440,75216,70421,401,148,294,3952,3619,1439,285,1370,525,23269,3333,17922,552,338,1124,2581,1520,691,370,1755,440,1315
2021,Bradford West,E14000589,121355,35838,28995,329,313,574,5627,3462,741,278,1658,785,74034,5617,61107,3961,336,3013,3793,2790,692,311,4228,1322,2906
2021,Braintree,E14000590,103260,98042,93326,720,112,50,3834,1886,510,272,546,558,1659,531,157,175,263,533,1162,744,269,149,511,56,455
2021,Brent Central,E14000591,149716,53888,23438,4889,123,1352,24086,9169,2080,1991,1640,3458,34444,15016,7038,1059,1369,9962,35491,18876,12355,4260,16724,9389,7335
2021,Brent North,E14000592,144919,39692,14477,2919,79,835,21382,4681,979,615,1163,1924,71222,49076,7205,937,1503,12501,16555,8213,6269,2073,12769,6172,6597
2021,Brentford and Isleworth,E14000593,143867,74940,47063,2924,101,555,24297,8045,1575,1131,2557,2782,41241,23032,6835,1248,1807,8319,9932,6764,2071,1097,9709,3376,6333
2021,Brentwood and Ongar,E14000594,98371,88154,82834,1218,120,85,3897,2861,808,388,920,745,4430,2301,339,327,553,910,1913,1244,422,247,1013,182,831
2021,Bridgwater and West Somerset,E14000595,116289,112577,105946,480,165,126,5860,1254,280,238,419,317,1522,669,49,127,206,471,381,227,84,70,555,81,474
2021,Brigg and Goole,E14000596,87670,85655,81315,246,91,73,3930,772,162,145,267,198,776,230,119,82,164,181,184,129,25,30,283,43,240
2021,"Brighton, Kemptown",E14000597,93658,81256,72692,1145,68,198,7153,3681,847,732,1068,1034,4395,1195,275,621,903,1401,2039,1563,308,168,2287,841,1446
2021,"Brighton, Pavilion",E14000598,104739,89314,76593,1532,105,304,10780,5446,938,837,1873,1798,5186,1313,395,438,1511,1529,2075,1436,439,200,2718,956,1762
2021,Bristol East,E14000599,104312,83274,74394,697,33,226,7924,4982,2185,599,1033,1165,8062,2017,3324,934,665,1122,6087,3337,2019,731,1907,381,1526
2021,Bristol North West,E14000600,110044,91606,81110,865,52,134,9445,4438,1594,521,1256,1067,7122,2547,1335,687,1004,1549,5018,3149,1302,567,1860,511,1349
2021,Bristol South,E14000601,118142,106005,96934,938,90,214,7829,4031,1744,485,901,901,3873,953,1187,187,539,1007,3032,1942,710,380,1201,325,876
2021,Bristol West,E14000602,139962,102254,86014,1786,97,392,13965,7665,2191,1016,2366,2092,12212,2785,3218,808,3258,2143,13750,9721,2769,1260,4081,1322,2759
2021,Broadland,E14000603,100061,97312,94891,378,59,34,1950,1181,213,250,428,290,904,266,35,49,222,332,354,221,72,61,310,45,265
2021,Bromley and Chislehurst,E14000604,96092,72017,61376,1255,171,196,9019,5392,1647,742,1424,1579,8622,3736,617,581,1483,2205,7586,4206,2191,1189,2475,408,2067
2021,Bromsgrove,E14000605,99183,92309,89676,986,85,9,1553,2414,1022,141,783,468,3159,1854,405,64,410,426,766,278,375,113,535,124,411
2021,Broxbourne,E14000606,104648,85008,71938,1399,158,188,11325,4120,1346,462,822,1490,3947,1566,351,328,449,1253,6808,3937,2036,835,4765,210,4555
2021,Broxtowe,E14000607,96315,84577,79975,601,22,59,3920,2571,1062,250,745,514,5992,2333,1210,106,1260,1083,1761,1077,490,194,1414,484,930
2021,Buckingham,E14000608,111244,102696,97335,1124,116,33,4088,2536,702,281,923,630,3629,1534,864,109,412,710,1720,1086,449,185,663,163,500
2021,Burnley,E14000609,94651,78112,73752,457,83,106,3714,1505,191,165,826,323,13930,378,10102,2737,164,549,326,180,95,51,778,157,621
2021,Burton,E14000610,112533,95900,86080,452,100,214,9054,2583,1138,193,809,443,11412,1038,8609,208,327,1230,1347,703,472,172,1291,188,1103
2021,Bury North,E14000611,91859,74266,70969,746,74,72,2405,2081,675,236,743,427,12693,611,10421,343,374,944,1601,1176,237,188,1218,261,957
2021,Bury South,E14000612,101991,86450,80559,1446,58,62,4325,3043,947,510,927,659,7898,1255,4727,135,681,1100,2089,1344,464,281,2511,454,2057
2021,Bury St Edmunds,E14000613,117445,111528,105575,624,92,54,5183,2096,493,319,611,673,2079,606,74,86,340,973,926,495,231,200,816,77,739
2021,Calder Valley,E14000614,102576,97513,94734,851,45,36,1847,1909,682,189,627,411,2281,401,1299,156,163,262,492,214,205,73,381,88,293
2021,Camberwell and Peckham,E14000615,128034,57380,42512,2286,88,350,12144,9580,3180,1534,1762,3104,9852,1514,759,1936,2215,3428,42895,25819,10976,6100,8327,893,7434
2021,Camborne and Redruth,E14000616,95444,92517,89258,324,254,30,2651,1095,266,145,352,332,534,98,48,41,175,172,157,88,47,22,1141,62,1079
2021,Cambridge,E14000617,133748,100170,70633,1738,109,856,26834,6796,1001,911,2786,2098,19341,5254,1345,2623,5748,4371,3238,2253,594,391,4203,1045,3158
2021,Cannock Chase,E14000618,100523,97131,95019,315,33,30,1734,1422,732,113,346,231,1208,498,118,68,246,278,472,194,212,66,290,27,263
2021,Canterbury,E14000619,113389,98396,89092,995,344,161,7804,3639,803,564,1192,1080,5570,1716,501,389,1178,1786,3681,2790,590,301,2103,642,1461
2021,Carlisle,E14000620,88211,85109,81077,353,127,84,3468,802,134,142,280,246,1482,383,122,173,327,477,292,236,36,20,526,187,339
2021,Carshalton and Wallington,E14000621,104684,71798,61957,1394,76,114,8257,5280,1641,692,1396,1551,16671,5580,2762,845,1506,5978,7753,4569,2237,947,3182,484,2698
2021,Castle Point,E14000622,89582,84981,82997,528,31,32,1393,1446,512,155,419,360,1550,541,164,189,264,392,1179,827,190,162,426,32,394
2021,Central Devon,E14000623,95461,93322,90235,415,108,46,2518,1141,192,134,447,368,540,143,18,31,140,208,164,107,29,28,294,48,246
2021,Central Suffolk and North Ipswich,E14000624,103129,97002,93322,361,94,45,3180,2345,975,361,459,550,2007,672,151,308,285,591,1088,498,383,207,687,86,601
2021,Charnwood,E14000625,104920,84499,81493,637,31,46,2292,2682,904,257,954,567,15294,13425,426,174,440,829,1265,820,320,125,1180,153,1027
2021,Chatham and Aylesford,E14000626,102562,89774,83388,565,460,225,5136,2578,799,533,642,604,4017,1727,500,743,300,747,4983,3644,702,637,1210,154,1056
2021,Cheadle,E14000627,95479,78901,75471,1220,16,28,2166,2467,558,315,916,678,11075,2412,6060,458,1056,1089,811,459,235,117,2225,798,1427
2021,Chelmsford,E14000628,112872,96591,88984,1004,120,125,6358,3416,958,526,1046,886,7819,3826,985,725,897,1386,3747,2661,604,482,1299,310,989
2021,Chelsea and Fulham,E14000629,101755,73174,43581,2477,18,827,26271,6021,1178,800,1839,2204,8926,2061,770,796,1971,3328,7164,4464,1833,867,6470,2841,3629
2021,Cheltenham,E14000630,107129,97774,88900,955,64,144,7711,2698,591,371,1020,716,4436,1742,267,420,796,1211,1086,751,197,138,1135,293,842
2021,Chesham and Amersham,E14000631,96686,81916,75078,1431,87,44,5276,3201,581,260,1549,811,9645,4754,2676,172,615,1428,846,451,294,101,1078,153,925
2021,Chesterfield,E14000632,93238,88906,86611,385,30,36,1844,1368,546,171,339,312,1848,643,401,75,333,396,744,390,239,115,372,80,292
2021,Chichester,E14000633,114420,109017,102840,793,279,89,5016,1926,419,274,673,560,2068,590,58,175,388,857,763,438,213,112,646,145,501
2021,Chingford and Woodford Green,E14000634,95978,60969,47588,1704,30,202,11445,6115,1883,773,1514,1945,13626,3808,4796,1476,929,2617,10282,4453,4482,1347,4986,551,4435
2021,Chippenham,E14000635,101639,96896,92654,524,125,46,3547,1873,586,232,570,485,1697,448,71,257,329,592,682,294,259,129,491,117,374
2021,Chipping Barnet,E14000636,117511,75254,52612,3217,54,320,19051,7094,1391,985,2107,2611,18991,8610,1429,912,2337,5703,7309,5003,1423,883,8863,952,7911
2021,Chorley,E14000637,105008,100311,97417,548,27,58,2261,1584,577,219,464,324,2039,716,709,104,270,240,580,275,226,79,494,229,265
2021,Christchurch,E14000638,87806,85070,82015,519,146,38,2352,1159,231,179,457,292,1051,259,44,135,267,346,221,134,59,28,305,39,266
2021,Cities of London and Westminster,E14000639,101036,61374,32323,1787,22,836,26406,6282,820,884,2021,2557,17490,4357,1210,2669,4612,4642,5625,3969,1069,587,10265,5449,4816
2021,City of Chester,E14000640,100268,92597,86224,994,42,110,5227,1965,432,336,737,460,3548,1326,342,499,515,866,1108,839,178,91,1050,360,690
2021,City of Durham,E14000641,99359,91378,87270,492,167,51,3398,1925,253,279,911,482,4226,995,343,110,1938,840,791,586,94,111,1039,457,582
2021,Clacton,E14000642,90966,87322,84787,849,79,21,1586,1517,615,216,348,338,1224,286,66,108,359,405,584,290,217,77,319,30,289
2021,Cleethorpes,E14000643,94167,91464,89493,209,39,16,1707,872,208,139,299,226,1136,277,125,195,221,318,257,170,47,40,438,167,271
2021,Colchester,E14000644,123861,103369,93661,758,105,217,8628,4220,1075,794,1205,1146,8323,2488,615,675,1466,3079,5599,4150,771,678,2350,586,1764
2021,Colne Valley,E14000645,112942,94421,91482,792,32,42,2073,3374,1727,278,832,537,11805,1420,9084,334,280,687,2025,823,904,298,1317,427,890
2021,Congleton,E14000646,104039,100777,98200,599,134,32,1812,1363,345,191,480,347,1210,369,125,88,311,317,341,186,105,50,348,93,255
2021,Copeland,E14000647,76511,74901,73667,194,23,24,993,548,114,77,209,148,646,143,57,61,137,248,197,150,36,11,219,68,151
2021,Corby,E14000648,129460,120571,105540,1020,88,341,13582,2292,659,403,616,614,2340,1122,137,174,323,584,3270,2262,503,505,987,70,917
2021,Coventry North East,E14000649,124410,73641,59652,1563,141,409,11876,4546,1834,742,1104,866,27169,13652,6861,1678,635,4343,13775,10989,1337,1449,5279,897,4382
2021,Coventry North West,E14000650,107290,80431,70205,2511,75,385,7255,3349,1412,407,950,580,13955,6719,3266,359,716,2895,6225,4640,975,610,3330,711,2619
2021,Coventry South,E14000651,113626,72175,61032,1588,79,322,9154,3837,1352,514,1128,843,22793,11725,2531,2220,3220,3097,10724,8481,1147,1096,4097,874,3223
2021,Crawley,E14000652,118492,86939,73178,831,103,337,12490,4838,1083,1002,1291,1462,18236,7335,6122,626,563,3590,5331,3296,683,1352,3148,675,2473
2021,Crewe and Nantwich,E14000653,114158,106220,96357,540,160,312,8851,2247,801,251,696,499,3331,1228,233,412,412,1046,1012,651,253,108,1348,146,1202
2021,Croydon Central,E14000654,124878,64787,51243,1504,82,296,11662,9768,3721,1388,1800,2859,17574,8224,3122,982,1236,4010,28239,14169,10333,3737,4510,684,3826
2021,Croydon North,E14000655,146658,50001,31592,1630,90,639,16050,11638,4100,2020,1648,3870,32391,12349,9086,1821,1202,7933,45355,19244,19909,6202,7273,1062,6211
2021,Croydon South,E14000656,119184,74201,63433,1801,40,186,8741,8338,2557,1045,2293,2443,18520,8990,3136,746,1511,4137,14842,6806,5861,2175,3283,513,2770
2021,Dagenham and Rainham,E14000657,115799,65943,52722,931,142,348,11800,4608,1616,1026,841,1125,20944,5463,5093,7296,722,2370,20938,15239,3125,2574,3366,536,2830
2021,Darlington,E14000658,92196,86577,82496,284,386,100,3311,1291,338,179,438,336,2784,1015,180,752,267,570,649,434,117,98,895,324,571
2021,Dartford,E14000659,122682,92486,83909,862,327,158,7230,3722,1028,726,1018,950,11709,5257,780,1052,1176,3444,12341,9861,1149,1331,2424,258,2166
2021,Daventry,E14000660,107584,101695,95457,805,69,210,5154,2012,672,258,591,491,2064,964,293,121,250,436,1334,827,346,161,479,61,418
2021,Denton and Reddish,E14000661,87823,78747,75467,1226,58,48,1948,2323,1014,394,491,424,4041,733,1787,396,674,451,1910,1289,374,247,802,234,568
2021,Derby North,E14000662,103236,82789,75807,851,60,154,5917,3467,1529,302,1007,629,11323,4694,4227,197,582,1623,3531,2147,939,445,2126,397,1729
2021,Derby South,E14000663,118518,72870,61368,856,336,999,9311,5306,2260,565,1179,1302,28570,7568,16643,593,575,3191,6521,3744,1965,812,5251,599,4652
2021,Derbyshire Dales,E14000664,80828,78799,76970,401,47,9,1372,861,232,89,325,215,718,281,130,10,130,167,215,82,88,45,235,51,184
2021,Devizes,E14000665,103813,96275,92651,525,118,41,2940,1892,512,239,521,620,2518,409,76,112,240,1681,2069,967,613,489,1059,79,980
2021,Dewsbury,E14000666,113642,81756,79024,346,40,116,2230,2383,687,154,1147,395,27600,7305,18641,313,190,1151,713,406,207,100,1190,236,954
2021,Don Valley,E14000667,101710,97653,93917,329,292,90,3025,1204,506,179,315,204,1672,545,508,45,236,338,688,416,152,120,493,101,392
2021,Doncaster Central,E14000668,107557,93711,81545,439,239,546,10942,2284,778,382,612,512,6349,1401,2518,128,582,1720,2379,1709,344,326,2834,287,2547
2021,Doncaster North,E14000669,98833,95594,91417,234,325,51,3567,1115,523,155,268,169,1064,333,123,17,213,378,674,402,176,96,386,34,352
2021,Dover,E14000670,102070,96638,91821,581,217,242,3777,1522,365,253,468,436,2220,478,32,142,279,1289,772,516,156,100,918,125,793
2021,Dudley North,E14000671,86250,68068,65311,227,113,60,2357,2926,1778,178,596,374,10014,3153,5517,174,206,964,4068,1834,1751,483,1174,277,897
2021,Dudley South,E14000672,81591,72627,70674,243,182,55,1473,2099,1163,93,580,263,4877,1173,2777,78,230,619,1336,628,512,196,652,232,420
2021,Dulwich and West Norwood,E14000673,113875,65419,49278,2506,38,276,13321,9763,3386,1335,2067,2975,6995,2045,827,878,1273,1972,26487,11990,11020,3477,5211,683,4528
2021,Ealing Central and Acton,E14000674,129214,74862,42880,3557,105,881,27439,8190,1523,1118,2458,3091,20482,6496,2673,588,2687,8038,11825,6998,3661,1166,13855,7520,6335
2021,Ealing North,E14000675,129899,55736,29722,3103,94,340,22477,7104,2130,852,1767,2355,35303,14024,5846,903,1228,13302,17177,9004,6342,1831,14579,6740,7839
2021,"Ealing, Southall",E14000676,108003,27867,16666,1851,49,208,9093,3867,944,476,1220,1227,55453,34286,8194,2195,609,10169,10489,6576,2895,1018,10327,1848,8479
2021,Easington,E14000677,81510,79917,78917,141,34,19,806,518,127,87,173,131,746,233,122,55,159,177,146,91,27,28,183,49,134
2021,East Devon,E14000678,111920,108314,104117,573,117,62,3445,1421,294,201,509,417,1412,365,49,127,312,559,338,217,80,41,435,110,325
2021,East Ham,E14000679,166954,42256,19036,745,210,958,21307,6480,1562,1250,1455,2213,86049,24813,19720,30320,1783,9413,24185,16252,5321,2612,7984,1419,6565
2021,East Hampshire,E14000680,103049,97976,92463,652,256,86,4519,1812,320,234,751,507,2102,522,213,165,311,891,601,406,119,76,558,90,468
2021,East Surrey,E14000681,115303,102274,94728,1253,363,93,5837,4212,1127,499,1426,1160,5027,1956,656,435,624,1356,2721,1472,889,360,1069,161,908
2021,East Worthing and Shoreham,E14000682,99624,92299,87281,774,128,101,4015,2513,472,470,854,717,2921,654,192,580,447,1048,855,571,185,99,1036,261,775
2021,East Yorkshire,E14000683,104360,102203,99938,364,132,18,1751,854,192,142,296,224,807,179,124,50,199,255,203,118,56,29,293,64,229
2021,Eastbourne,E14000684,109243,99625,90558,1011,77,143,7836,2899,676,518,858,847,3660,963,174,469,567,1487,1331,890,272,169,1728,446,1282
2021,Eastleigh,E14000685,115316,107196,102309,517,194,87,4089,2339,507,410,844,578,3909,1847,261,337,648,816,1124,804,164,156,748,118,630
2021,Eddisbury,E14000686,98560,95650,92878,592,192,28,1960,1190,312,175,404,299,1013,267,91,52,216,387,346,262,57,27,361,74,287
2021,Edmonton,E14000687,118031,46333,23630,1250,198,561,20694,6088,1748,944,986,2410,15692,3437,1461,5051,625,5118,32560,19960,8911,3689,17358,1062,16296
2021,Ellesmere Port and Neston,E14000688,92173,88638,85221,671,122,60,2564,1221,260,218,468,275,1461,310,139,150,346,516,409,256,78,75,444,100,344
2021,Elmet and Rothwell,E14000689,104148,99538,97019,779,52,36,1652,1736,623,189,548,376,1737,789,388,20,292,248,717,423,194,100,420,84,336
2021,Eltham,E14000690,97145,65869,53322,1632,68,240,10607,5153,1506,818,1181,1648,9861,2924,871,506,2218,3342,12719,8410,2557,1752,3543,379,3164
2021,Enfield North,E14000691,108988,60266,41998,1907,110,305,15946,7074,2153,1069,1194,2658,9076,2533,712,1797,709,3325,20306,12307,5486,2513,12266,745,11521
2021,"Enfield, Southgate",E14000692,102964,65284,37512,2812,66,254,24640,6391,1264,980,1636,2511,13204,5900,1501,1274,1357,3172,7649,4199,2593,857,10436,730,9706
2021,Epping Forest,E14000693,102615,83303,73385,1344,76,138,8360,4135,1241,488,1127,1279,8955,4318,1845,653,729,1410,3588,1785,1309,494,2634,288,2346
2021,Epsom and Ewell,E14000694,111722,91451,81359,1596,102,151,8243,4538,797,492,1845,1404,11073,3862,1777,607,1586,3241,1928,1197,450,281,2732,837,1895
2021,Erewash,E14000695,95175,90589,87549,434,35,59,2512,1801,877,178,443,303,1619,845,138,44,278,314,786,312,367,107,380,59,321
2021,Erith and Thamesmead,E14000696,118301,58510,46601,907,522,272,10208,5740,1816,1507,868,1549,15108,4808,1576,1121,1641,5962,34350,26669,3303,4378,4593,385,4208
2021,Esher and Walton,E14000697,115808,99987,86683,1838,138,144,11184,4691,735,557,1910,1489,7479,2896,746,572,1198,2067,1400,891,330,179,2251,720,1531
2021,Exeter,E14000698,115228,103498,94448,784,94,166,8006,3042,469,447,1188,938,5916,1422,248,480,1914,1852,1045,814,129,102,1727,764,963
2021,Fareham,E14000699,100196,95633,92670,404,105,57,2397,1541,309,209,627,396,1985,787,119,136,533,410,582,369,131,82,455,100,355
2021,Faversham and Mid Kent,E14000700,101495,95231,89707,608,645,125,4146,1909,501,279,622,507,2243,604,170,186,266,1017,1390,982,257,151,722,64,658
2021,Feltham and Heston,E14000701,144312,52140,34867,970,195,425,15683,5470,1151,1011,1571,1737,64605,37795,10619,1451,857,13883,10878,8131,1502,1245,11219,2085,9134
2021,Filton and Bradley Stoke,E14000702,106214,91032,82679,543,177,230,7403,3430,1210,443,905,872,7489,3645,839,335,1392,1278,2616,1716,596,304,1647,528,1119
2021,Finchley and Golders Green,E14000703,126046,76256,46218,2371,50,560,27057,6621,912,1025,2193,2491,21693,8830,1799,853,2308,7903,7403,5451,1261,691,14073,2803,11270
2021,Folkestone and Hythe,E14000704,115181,106866,101641,809,168,139,4109,2176,570,309,701,596,4339,520,230,196,363,3030,707,395,214,98,1093,119,974
2021,Forest of Dean,E14000705,91559,89252,86651,350,119,63,2069,1003,279,143,327,254,674,151,44,17,161,301,267,132,86,49,363,28,335
2021,Fylde,E14000706,88530,84862,82167,589,49,57,2000,1352,370,209,443,330,1470,552,235,77,271,335,407,245,75,87,439,124,315
2021,Gainsborough,E14000707,97745,94787,92434,380,216,18,1739,1117,330,182,364,241,1163,557,118,27,192,269,333,183,106,44,345,88,257
2021,Garston and Halewood,E14000708,101294,93299,89130,990,18,65,3096,2760,708,662,641,749,3275,965,372,132,1159,647,1111,754,143,214,849,307,542
2021,Gateshead,E14000709,91671,82315,77881,402,56,215,3761,1448,223,349,532,344,3575,698,641,314,840,1082,1824,1543,81,200,2509,726,1783
2021,Gedling,E14000710,94684,83703,79665,755,14,55,3214,3626,1892,314,728,692,3990,1441,1357,93,426,673,2481,939,1172,370,884,175,709
2021,Gillingham and Rainham,E14000711,102311,86094,80797,705,185,124,4283,2917,875,485,825,732,6481,2862,1114,502,489,1514,5439,3741,1065,633,1380,191,1189
2021,Gloucester,E14000712,122878,103675,94790,717,220,296,7652,4808,2599,552,798,859,8164,4246,1108,795,479,1536,4724,2107,1868,749,1507,316,1191
2021,Gosport,E14000713,96273,92003,89305,390,47,30,2231,1397,353,212,421,411,1299,384,25,99,342,449,1076,474,455,147,498,56,442
2021,Grantham and Stamford,E14000714,112788,107717,100743,545,99,61,6269,1577,411,261,480,425,2159,734,189,62,426,748,774,496,182,96,561,88,473
2021,Gravesham,E14000715,106902,81893,73030,699,320,351,7493,2828,787,535,791,715,11999,8136,843,690,352,1978,6952,5235,847,870,3230,127,3103
2021,Great Grimsby,E14000716,86153,82461,78268,169,44,114,3866,946,229,192,268,257,1466,307,229,133,262,535,632,502,59,71,648,202,446
2021,Great Yarmouth,E14000717,99750,94361,88663,352,135,114,5097,1575,354,424,374,423,1936,786,121,64,246,719,1104,857,105,142,774,75,699
2021,Greenwich and Woolwich,E14000718,135794,72548,50137,2150,98,467,19696,9089,2621,1703,1906,2859,19611,5480,1495,1184,4145,7307,28701,21123,4104,3474,5845,874,4971
2021,Guildford,E14000719,111352,95120,83592,1045,240,183,10060,3671,566,495,1538,1072,8508,2518,668,451,2232,2639,1689,1229,266,194,2364,665,1699
2021,Hackney North and Stoke Newington,E14000720,134213,75762,49851,2857,106,392,22556,8501,2250,1308,1910,3033,13856,5999,1339,2908,1286,2324,23710,12173,8444,3093,12384,1006,11378
2021,Hackney South and Shoreditch,E14000721,124932,61946,38075,2725,142,473,20531,8986,2499,1427,1781,3279,13028,2833,1121,3646,2173,3255,30935,17305,9459,4171,10037,1336,8701
2021,Halesowen and Rowley Regis,E14000722,92581,75567,73339,398,62,11,1757,3328,1824,160,805,539,8360,2998,3416,565,411,970,2908,1162,1381,365,2418,1472,946
2021,Halifax,E14000723,104055,80324,76249,713,91,212,3059,2119,667,183,831,438,19447,1462,16338,525,252,870,947,633,195,119,1218,237,981
2021,Haltemprice and Howden,E14000724,90463,87043,85111,289,113,18,1512,1011,198,162,375,276,1629,699,276,57,289,308,332,250,45,37,448,166,282
2021,Halton,E14000725,97515,94199,91338,516,70,59,2216,1298,416,240,321,321,1103,273,81,54,330,365,396,220,62,114,519,170,349
2021,Hammersmith,E14000726,117826,68688,40344,3165,80,1007,24092,8349,2260,1252,1985,2852,14093,2857,1481,959,3065,5731,17023,9984,5137,1902,9673,3977,5696
2021,Hampstead and Kilburn,E14000727,128680,76927,42302,3651,67,787,30120,8735,1469,1332,2652,3282,18688,5888,1711,2490,2522,6077,13299,8301,3530,1468,11031,4607,6424
2021,Harborough,E14000728,109404,83991,80039,673,48,36,3195,2990,833,295,1185,677,18533,14066,2387,360,470,1250,1625,926,521,178,2265,423,1842
2021,Harlow,E14000729,104373,87421,77463,846,223,209,8680,3319,1116,623,691,889,5760,1724,1210,755,829,1242,6004,4232,984,788,1869,326,1543
2021,Harrogate and Knaresborough,E14000730,104738,99442,93522,684,63,95,5078,1877,386,238,741,512,2123,715,169,61,512,666,677,461,132,84,619,127,492
2021,Harrow East,E14000731,111184,40438,20639,2332,96,618,16753,3265,753,393,954,1165,51638,35723,4176,771,1016,9952,7730,4257,2647,826,8113,3024,5089
2021,Harrow West,E14000732,116948,40486,22135,2451,80,740,15080,5273,1211,597,1626,1839,52650,29351,4989,849,1423,16038,9521,5068,3397,1056,9018,2802,6216
2021,Hartlepool,E14000733,92338,89068,87761,170,37,19,1081,671,143,115,240,173,1600,335,297,278,217,473,445,327,57,61,554,270,284
2021,Harwich and North Essex,E14000734,95795,91325,88316,556,39,21,2393,1677,450,254,535,438,1406,427,106,67,360,446,853,530,220,103,534,151,383
2021,Hastings and Rye,E14000735,109292,100864,94391,910,181,176,5206,2914,817,433,840,824,2731,642,129,343,431,1186,1348,838,328,182,1435,344,1091
2021,Havant,E14000736,95008,90989,88288,376,49,44,2232,1392,288,317,444,343,1630,746,59,134,303,388,609,389,109,111,388,81,307
2021,Hayes and Harlington,E14000737,126402,40502,28417,1348,246,277,10214,4883,1214,833,1395,1441,56207,30961,8654,1909,720,13963,13924,9720,2826,1378,10886,1933,8953
2021,Hazel Grove,E14000738,80372,76022,73885,693,23,22,1399,1421,449,205,425,342,1994,619,563,103,314,395,454,267,129,58,481,127,354
2021,Hemel Hempstead,E14000739,107580,90466,80739,1493,142,171,7921,3950,1241,549,1159,1001,7788,2915,2398,390,586,1499,3901,2578,832,491,1475,340,1135
2021,Hemsworth,E14000740,100233,95044,90596,252,79,66,4051,1239,347,260,359,273,2405,420,1371,9,235,370,1001,778,97,126,544,92,452
2021,Hendon,E14000741,145787,73252,41947,2056,76,673,28500,7174,1202,1737,1732,2503,34285,12947,3459,1108,4789,11982,15941,12216,2268,1457,15135,3628,11507
2021,Henley,E14000742,103754,97634,90736,1044,87,93,5674,2377,537,264,910,666,2258,792,255,142,326,743,735,381,226,128,750,120,630
2021,Hereford and South Herefordshire,E14000743,97546,93849,86874,367,186,110,6312,1150,271,183,382,314,1478,581,106,43,195,553,397,237,98,62,672,170,502
2021,Hertford and Stortford,E14000744,115084,104901,94957,1531,126,271,8016,3623,950,422,1222,1029,3610,1262,364,353,704,927,1725,1072,435,218,1225,235,990
2021,Hertsmere,E14000745,107827,83145,68032,2155,167,282,12509,4038,948,508,1240,1342,11320,6660,787,381,1059,2433,5181,3713,890,578,4143,363,3780
2021,Hexham,E14000746,76399,74123,72662,310,10,7,1134,695,113,97,328,157,1241,605,205,48,156,227,129,73,36,20,211,34,177
2021,Heywood and Middleton,E14000747,109384,93757,89020,948,69,76,3644,2606,787,638,683,498,7563,530,5358,391,574,710,4430,3604,257,569,1028,337,691
2021,High Peak,E14000748,90935,88614,86183,639,20,12,1760,1185,346,163,377,299,694,140,77,7,221,249,223,119,70,34,219,30,189
2021,Hitchin and Harpenden,E14000749,103662,90564,83186,1648,44,48,5638,4059,1189,395,1411,1064,5466,2716,531,680,647,892,2336,1154,833,349,1237,310,927
2021,Holborn and St Pancras,E14000750,126627,72256,45742,3179,96,523,22716,8599,1805,1305,2392,3097,25200,3129,873,12056,4724,4418,13039,9871,1807,1361,7533,2172,5361
2021,Hornchurch and Upminster,E14000751,112625,89899,81166,1190,99,120,7324,3744,1157,625,937,1025,9448,4418,1643,1072,852,1463,7752,5320,1496,936,1782,224,1558
2021,Hornsey and Wood Green,E14000752,124602,84037,52155,3391,49,739,27703,8800,2053,1115,2451,3181,9992,3155,877,1446,1752,2762,12914,6666,4693,1555,8859,1008,7851
2021,Horsham,E14000753,117996,108978,101743,984,115,103,6033,2866,484,410,1124,848,4034,1537,467,251,603,1176,1312,922,246,144,806,197,609
2021,Houghton and Sunderland South,E14000754,89722,87587,86481,152,175,21,758,726,144,132,256,194,758,308,56,39,159,196,370,278,33,59,281,55,226
2021,Hove,E14000755,101529,87000,75190,1429,39,306,10036,4740,791,871,1453,1625,4351,1303,289,771,779,1209,1558,1087,291,180,3880,1327,2553
2021,Huddersfield,E14000756,95941,62720,57703,862,44,87,4024,5422,3288,389,955,790,18329,2686,13168,254,775,1446,6340,2457,2956,927,3130,1013,2117
2021,Huntingdon,E14000757,122542,111497,101075,952,184,99,9187,3057,742,496,913,906,4863,1468,1167,387,533,1308,2133,1461,357,315,992,140,852
2021,Hyndburn,E14000758,94024,77459,74674,470,98,44,2173,1274,226,145,658,245,14431,437,11771,1347,206,670,263,181,56,26,597,187,410
2021,Ilford North,E14000759,115261,48074,32932,925,56,454,13707,4985,1426,646,1222,1691,46912,17091,11191,9758,1477,7395,8905,4679,3110,1116,6385,803,5582
2021,Ilford South,E14000760,147347,29154,14816,887,112,517,12822,4805,1144,714,1305,1642,90250,29999,30362,20938,700,8251,14547,8592,4342,1613,8591,1163,7428
2021,Ipswich,E14000761,114820,95811,83926,512,317,624,10432,5356,2468,965,703,1220,6809,2189,345,1783,683,1809,4268,2261,1250,757,2576,326,2250
2021,Isle of Wight,E14000762,140459,136219,131697,830,67,75,3550,1720,497,207,584,432,1663,316,98,153,250,846,478,296,128,54,379,88,291
2021,Islington North,E14000763,109824,67948,43822,3958,80,495,19593,8451,2195,1215,1948,3093,9395,1778,485,2794,1746,2592,15997,9935,4230,1832,8033,1466,6567
2021,Islington South and Finsbury,E14000764,106759,66805,42270,3104,27,463,20941,7780,1976,1042,1802,2960,12132,2273,510,3176,3379,2794,12745,8156,3138,1451,7297,1525,5772
2021,Jarrow,E14000765,83844,80928,79685,217,30,31,965,846,131,161,300,254,1230,332,225,179,184,310,378,297,37,44,462,163,299
2021,Keighley,E14000766,99379,79668,76464,537,70,187,2410,1755,415,150,786,404,16677,697,12908,2133,167,772,512,274,174,64,767,92,675
2021,Kenilworth and Southam,E14000767,91948,84821,80318,941,24,40,3498,1959,482,198,833,446,3760,2075,235,57,750,643,798,500,200,98,610,127,483
2021,Kensington,E14000768,106946,65209,33063,1995,79,700,29372,7471,1444,1011,2365,2651,13314,2393,1041,1010,3056,5814,9545,5739,2893,913,11407,5100,6307
2021,Kettering,E14000769,105830,95397,87081,687,157,187,7285,2171,678,388,591,514,4404,2525,354,236,370,919,2789,1986,443,360,1069,180,889
2021,Kingston and Surbiton,E14000770,124157,86002,68581,1941,59,352,15069,6447,1206,832,2429,1980,21379,5341,3403,716,2515,9404,3652,2382,832,438,6677,2313,4364
2021,Kingston upon Hull East,E14000771,91309,87730,83624,134,159,56,3757,1036,244,243,273,276,1287,360,219,170,236,302,705,530,55,120,551,151,400
2021,Kingston upon Hull North,E14000772,100965,91636,82658,200,200,132,8446,1986,440,523,495,528,2985,478,614,561,604,728,2379,2067,100,212,1979,587,1392
2021,Kingston upon Hull West and Hessle,E14000773,90221,80524,72294,176,99,95,7860,1677,297,415,467,498,3465,516,474,552,447,1476,2029,1733,84,212,2526,756,1770
2021,Kingswood,E14000774,91396,85022,80979,349,85,91,3518,2264,926,275,575,488,2217,771,328,187,442,489,1288,747,408,133,605,145,460
2021,Knowsley,E14000775,111402,106599,103064,571,19,85,2860,1825,499,439,396,491,1395,447,133,28,359,428,924,717,82,125,659,204,455
2021,Lancaster and Fleetwood,E14000776,90475,82324,77737,518,103,58,3908,1745,347,244,654,500,4494,1447,560,311,1439,737,968,815,101,52,944,422,522
2021,Leeds Central,E14000777,151886,96831,82876,1106,244,462,12143,6681,2243,1499,1581,1358,21067,4159,7218,2121,3741,3828,20859,16898,1782,2179,6448,2427,4021
2021,Leeds East,E14000778,104890,74181,67343,921,234,552,5131,3888,1785,670,738,695,15539,2149,8314,2192,558,2326,8847,6398,1340,1109,2435,441,1994
2021,Leeds North East,E14000779,96180,61305,54983,1380,81,204,4657,4996,1943,546,1404,1103,19158,6454,7748,1164,1309,2483,6891,2788,3117,986,3830,917,2913
2021,Leeds North West,E14000780,87343,74954,70704,957,27,57,3209,2897,847,327,1026,697,5864,2161,1774,119,618,1192,1485,927,408,150,2143,945,1198
2021,Leeds West,E14000781,99051,82418,75339,761,144,236,5938,3527,1353,642,840,692,6209,1464,3089,91,465,1100,4876,3659,670,547,2021,794,1227
2021,Leicester East,E14000782,127141,25793,21954,395,83,141,3220,3692,1230,327,1120,1015,87186,74877,5432,1701,239,4937,5198,3581,1064,553,5272,944,4328
2021,Leicester South,E14000783,128262,54975,45991,756,138,246,7844,5055,1681,613,1471,1290,51294,36154,5486,4800,1491,3363,11472,8609,1977,886,5466,1596,3870
2021,Leicester West,E14000784,113169,69891,54450,640,236,452,14113,5151,2114,836,1067,1134,21498,15390,1755,554,751,3048,12095,9346,1425,1324,4534,862,3672
2021,Leigh,E14000785,109119,102536,98799,556,71,130,2980,1771,505,380,488,398,2447,486,723,53,637,548,1611,1256,156,199,754,240,514
2021,Lewes,E14000786,90935,86407,81908,756,145,48,3550,2039,417,331,685,606,1407,380,76,173,293,485,555,326,148,81,527,121,406
2021,Lewisham East,E14000787,109142,56336,41601,1664,57,345,12669,8561,3107,1406,1377,2671,10027,1842,1013,798,1692,4682,29136,12702,12541,3893,5082,594,4488
2021,Lewisham West and Penge,E14000788,111823,66561,51850,2116,95,272,12228,9369,3573,1320,1829,2647,7344,1899,669,716,1229,2831,24546,11079,9926,3541,4003,484,3519
2021,"Lewisham, Deptford",E14000789,127881,63894,43648,2282,35,530,17399,10404,3543,1623,2005,3233,12417,2195,964,699,3839,4720,34675,17699,12431,4545,6491,827,5664
2021,Leyton and Wanstead,E14000790,107684,55000,33274,1996,62,623,19045,6823,1674,1086,1658,2405,25078,5831,11652,3127,1192,3276,15189,6949,6319,1921,5594,1147,4447
2021,Lichfield,E14000791,98624,94652,92042,572,24,30,1984,1694,685,134,526,349,1572,737,140,147,285,263,426,135,231,60,280,43,237
2021,Lincoln,E14000792,117371,108840,98670,713,158,170,9129,2197,499,397,693,608,3492,835,312,326,820,1199,1518,1119,254,145,1324,349,975
2021,"Liverpool, Riverside",E14000793,125348,95363,83774,3016,78,406,8089,6238,1457,1517,1408,1856,10260,2022,1334,746,3818,2340,6659,4845,684,1130,6828,3996,2832
2021,"Liverpool, Walton",E14000794,93312,82964,77710,743,89,259,4163,2127,534,630,358,605,3613,948,426,120,804,1315,2544,1942,176,426,2064,882,1182
2021,"Liverpool, Wavertree",E14000795,92116,71580,64905,1516,302,277,4580,4188,1003,1029,908,1248,7081,1303,1287,825,1711,1955,4406,3347,404,655,4861,2585,2276
2021,"Liverpool, West Derby",E14000796,94777,84875,79352,705,18,173,4627,2070,559,469,453,589,3916,1108,286,95,1527,900,2393,1913,113,367,1523,590,933
2021,Loughborough,E14000797,109145,91622,85486,594,55,130,5357,2845,729,363,1071,682,11166,5315,391,2524,1524,1412,2081,1592,317,172,1431,519,912
2021,Louth and Horncastle,E14000798,100718,98638,96964,360,57,26,1231,997,360,109,321,207,695,172,50,64,176,233,199,85,86,28,189,39,150
2021,Ludlow,E14000799,85371,83635,81765,375,63,36,1396,761,242,83,255,181,620,175,95,15,125,210,157,65,65,27,198,27,171
2021,Luton North,E14000800,108749,45642,35255,2302,59,212,7814,4879,1886,564,1243,1186,42831,6297,22559,8562,411,5002,11830,5668,4745,1417,3567,860,2707
2021,Luton South,E14000801,123503,62458,42147,2390,190,596,17135,4916,1663,728,1238,1287,40816,5927,18670,12095,509,3615,11041,6173,3520,1348,4272,1259,3013
2021,Macclesfield,E14000802,95573,90994,87629,655,29,48,2633,1507,369,232,539,367,1912,684,250,43,390,545,599,343,129,127,561,141,420
2021,Maidenhead,E14000803,107947,87555,77547,1322,180,112,8394,3223,613,373,1349,888,13740,6295,5035,250,800,1360,1491,919,397,175,1938,457,1481
2021,Maidstone and The Weald,E14000804,113163,99913,89800,649,554,190,8720,2789,629,422,917,821,6419,1633,419,492,521,3354,2473,1763,448,262,1569,204,1365
2021,Makerfield,E14000805,99686,96403,94345,348,79,49,1582,1030,268,167,344,251,1132,225,256,35,232,384,652,511,70,71,469,120,349
2021,Maldon,E14000806,94314,90717,88101,678,125,34,1779,1424,405,174,501,344,1252,424,107,176,187,358,595,353,172,70,326,28,298
2021,Manchester Central,E14000807,156302,84275,70132,2193,175,337,11438,8916,3139,2002,1660,2115,25593,4438,7682,1524,8232,3717,27770,20626,4137,3007,9748,5394,4354
2021,"Manchester, Gorton",E14000808,120232,49800,41183,2156,123,169,6169,6146,1852,1233,1528,1533,43067,3409,29730,6087,1228,2613,14301,9723,2848,1730,6918,3698,3220
2021,"Manchester, Withington",E14000809,100271,70683,61582,3238,78,129,5656,5833,1854,789,1616,1574,15398,2682,8692,1424,1000,1600,3897,2022,1351,524,4460,2557,1903
2021,Mansfield,E14000810,110482,104712,96475,387,89,182,7579,1544,650,219,345,330,2234,839,250,338,337,470,1174,755,263,156,818,186,632
2021,Meon Valley,E14000811,98199,94897,91662,452,300,27,2456,1200,208,189,455,348,1373,519,63,104,317,370,384,231,111,42,345,63,282
2021,Meriden,E14000812,114598,99900,95672,1567,66,24,2571,4568,2651,235,1032,650,6676,3251,1983,205,581,656,2420,735,1315,370,1034,259,775
2021,Mid Bedfordshire,E14000813,123013,110513,104181,1574,95,86,4577,3903,1542,363,1128,870,5093,2676,580,298,700,839,2508,1432,725,351,996,244,752
2021,Mid Derbyshire,E14000814,83935,80070,77850,498,16,25,1681,1484,647,116,471,250,1459,561,195,43,386,274,615,292,236,87,307,52,255
2021,Mid Dorset and North Poole,E14000815,84409,81661,79101,393,120,36,2011,1111,234,146,452,279,1090,374,60,130,253,273,238,147,56,35,309,44,265
2021,Mid Norfolk,E14000816,111372,107660,102504,490,137,88,4441,1417,317,256,448,396,1150,316,76,83,248,427,765,450,166,149,380,18,362
2021,Mid Sussex,E14000817,115654,105891,98008,1118,133,118,6514,2958,510,431,1197,820,4739,2142,177,561,470,1389,1103,716,249,138,963,166,797
2021,Mid Worcestershire,E14000818,107745,104120,96469,543,569,136,6403,1332,405,139,443,345,1333,542,153,70,195,373,409,172,166,71,551,91,460
2021,Middlesbrough,E14000819,97071,74322,70789,312,139,315,2767,2286,444,490,852,500,13808,2362,8478,573,575,1820,3490,3088,135,267,3165,1307,1858
2021,Middlesbrough South and East Cleveland,E14000820,95969,92577,91414,236,55,8,864,1085,218,224,398,245,1557,510,536,32,138,341,388,283,41,64,362,159,203
2021,Milton Keynes North,E14000821,139956,101592,87614,1137,67,304,12470,5361,1275,1165,1427,1494,16364,5997,4077,885,1455,3950,13565,10720,1239,1606,3074,683,2391
2021,Milton Keynes South,E14000822,147097,104520,90954,1243,89,274,11960,6364,1722,1386,1546,1710,19279,9351,3086,2304,1456,3082,14283,10779,1736,1768,2651,666,1985
2021,Mitcham and Morden,E14000823,113971,57657,37676,1711,145,446,17679,6759,2113,1054,1324,2268,24405,5055,7032,1691,1257,9370,19004,10113,6374,2517,6146,1015,5131
2021,Mole Valley,E14000824,96657,90524,83826,973,169,71,5485,2206,433,227,851,695,2394,814,177,254,383,766,725,460,179,86,808,218,590
2021,Morecambe and Lunesdale,E14000825,89299,86587,82857,439,225,45,3021,873,207,153,277,236,989,241,84,52,254,358,333,261,46,26,517,122,395
2021,Morley and Outwood,E14000826,104621,96638,93566,460,72,28,2512,1959,681,287,616,375,4062,1993,847,64,687,471,1273,903,219,151,689,208,481
2021,New Forest East,E14000827,90776,87767,84857,378,319,62,2151,1165,284,180,392,309,1022,315,45,82,215,365,489,273,103,113,333,35,298
2021,New Forest West,E14000828,85009,82351,78990,455,161,53,2692,1050,194,147,409,300,1083,262,27,94,221,479,217,125,62,30,308,50,258
2021,Newark,E14000829,104557,100242,94307,583,301,97,4954,1692,619,182,525,366,1417,521,189,109,278,320,687,346,232,109,519,123,396
2021,Newbury,E14000830,113434,105595,98133,973,98,132,6259,2260,524,321,778,637,3721,2056,238,282,502,643,1037,647,240,150,821,200,621
2021,Newcastle upon Tyne Central,E14000831,103755,68369,60772,586,249,784,5978,2529,313,457,1003,756,22141,3272,6655,6069,3015,3130,5325,4680,131,514,5391,2344,3047
2021,Newcastle upon Tyne East,E14000832,98784,83504,77445,868,52,180,4959,2739,403,556,927,853,7142,2293,1277,611,1458,1503,3143,2675,145,323,2256,966,1290
2021,Newcastle upon Tyne North,E14000833,97584,88127,85350,440,32,65,2240,1652,199,365,670,418,4845,1739,821,568,909,808,1451,1200,63,188,1509,865,644
2021,Newcastle-under-Lyme,E14000834,88687,80985,77922,268,58,56,2681,1556,474,186,557,339,4225,1595,852,263,554,961,1144,841,182,121,777,189,588
2021,Newton Abbot,E14000835,93512,91263,88722,399,75,22,2045,1067,220,125,373,349,777,132,24,94,181,346,154,94,39,21,251,57,194
2021,"Normanton, Pontefract and Castleford",E14000836,118262,114016,108567,260,125,62,5002,1291,386,185,461,259,1647,477,320,17,406,427,909,687,92,130,399,53,346
2021,North Cornwall,E14000837,93023,90559,87539,410,94,54,2462,1029,275,140,345,269,520,89,23,51,116,241,104,47,38,19,811,35,776
2021,North Devon,E14000838,98612,95639,92944,387,58,54,2196,1174,297,136,417,324,1135,324,90,87,191,443,325,179,80,66,339,82,257
2021,North Dorset,E14000839,98235,95553,92104,444,199,45,2761,956,223,144,322,267,1108,147,17,94,201,649,279,182,66,31,339,42,297
2021,North Durham,E14000840,87334,85202,84047,162,83,10,900,662,110,136,252,164,976,334,106,71,256,209,213,140,51,22,281,130,151
2021,North East Bedfordshire,E14000841,123887,111116,104443,1078,191,87,5317,4129,1596,465,1114,954,4958,2666,551,447,414,880,2782,1634,793,355,902,122,780
2021,North East Cambridgeshire,E14000842,120843,115817,104352,500,640,192,10133,1747,479,274,491,503,1521,467,103,98,308,545,953,557,247,149,805,56,749
2021,North East Derbyshire,E14000843,92624,90102,88548,278,24,16,1236,1077,386,119,344,228,891,291,122,12,214,252,360,195,107,58,194,20,174
2021,North East Hampshire,E14000844,105908,98725,92930,816,277,78,4624,2333,474,314,959,586,3275,1380,200,146,548,1001,845,504,233,108,730,109,621
2021,North East Hertfordshire,E14000845,102790,93555,88087,1062,37,58,4311,2978,1083,331,894,670,3754,2135,178,148,482,811,1729,812,678,239,774,139,635
2021,North East Somerset,E14000846,98366,94606,91049,516,22,50,2969,1712,572,190,574,376,1283,351,73,67,346,446,459,232,156,71,306,74,232
2021,North Herefordshire,E14000847,89494,87400,83545,360,246,51,3198,833,202,97,308,226,743,262,34,14,144,289,170,103,52,15,348,53,295
2021,North Norfolk,E14000848,85616,83997,81939,414,78,25,1541,815,201,141,269,204,462,89,13,22,126,212,152,83,48,21,190,23,167
2021,North Shropshire,E14000849,110155,107121,102727,511,180,43,3660,1134,333,122,380,299,1091,311,129,108,271,272,429,213,111,105,380,48,332
2021,North Somerset,E14000850,103164,99226,94974,662,12,55,3523,1788,447,186,661,494,1311,423,61,131,311,385,402,229,119,54,437,87,350
2021,North Swindon,E14000851,121219,104932,96709,742,69,262,7150,3185,999,480,864,842,8659,4979,856,368,572,1884,3056,2111,460,485,1387,150,1237
2021,North Thanet,E14000852,99350,93766,89803,718,102,149,2994,1954,583,300,561,510,2005,683,117,121,317,767,804,466,246,92,821,134,687
2021,North Tyneside,E14000853,107649,101882,99257,360,28,96,2141,1353,243,323,468,319,2845,924,327,237,843,514,842,677,55,110,727,224,503
2021,North Warwickshire,E14000854,93669,86472,82812,614,35,72,2939,1702,823,170,420,289,3707,2624,309,38,191,545,1023,569,308,146,765,75,690
2021,North West Cambridgeshire,E14000855,142820,126858,112577,827,134,293,13027,4043,1126,807,1047,1063,5855,2678,1151,109,616,1301,4399,3142,649,608,1665,273,1392
2021,North West Durham,E14000856,93899,92216,90465,204,97,18,1432,696,157,148,242,149,660,235,51,29,150,195,123,72,35,16,204,80,124
2021,North West Hampshire,E14000857,114531,107600,101401,633,116,87,5363,2042,495,319,690,538,2882,1037,168,180,411,1086,1367,896,263,208,640,88,552
2021,North West Leicestershire,E14000858,104707,100449,96430,454,129,63,3373,1592,530,174,576,312,1543,784,68,14,234,443,642,423,144,75,481,65,416
2021,North West Norfolk,E14000859,98681,93663,85846,416,259,94,7048,1274,285,304,336,349,2447,1136,140,71,314,786,588,398,82,108,709,123,586
2021,North Wiltshire,E14000860,99872,94165,90695,534,122,46,2768,1617,439,218,548,412,2259,538,81,99,312,1229,1207,729,238,240,624,99,525
2021,Northampton North,E14000861,93197,75067,60909,1234,105,450,12369,3421,1489,464,634,834,6392,2409,1043,1655,435,850,6926,4586,1371,969,1391,191,1200
2021,Northampton South,E14000862,106827,81749,63365,949,131,583,16721,3823,1522,670,698,933,9679,3971,1064,2588,681,1375,9487,7016,1365,1106,2089,294,1795
2021,Norwich North,E14000863,92082,85644,79483,388,119,76,5578,1986,415,460,530,581,2322,527,109,435,458,793,1323,1001,148,174,807,222,585
2021,Norwich South,E14000864,105927,91221,81698,699,107,156,8561,3409,668,691,1058,992,6664,2387,454,539,1432,1852,2642,2090,286,266,1991,738,1253
2021,Nottingham East,E14000865,107566,65227,53454,929,136,711,9997,6548,3193,817,1207,1331,19172,3175,10049,1339,1265,3344,12232,7250,3535,1447,4387,1299,3088
2021,Nottingham North,E14000866,99360,72276,65285,528,73,171,6219,6739,4426,667,697,949,7684,2049,3139,190,432,1874,10809,5639,3522,1648,1852,484,1368
2021,Nottingham South,E14000867,116705,75930,66841,903,60,248,7878,5776,2510,645,1459,1162,21359,6291,8496,693,2566,3313,9169,5851,2277,1041,4471,1890,2581
2021,Nuneaton,E14000868,99486,87191,81975,507,61,109,4539,1804,772,201,510,321,7756,4886,740,91,250,1789,1750,1140,374,236,985,118,867
2021,Old Bexley and Sidcup,E14000869,89686,73085,67271,1099,80,87,4548,2870,816,379,848,827,7721,3215,400,675,1511,1920,4189,2911,839,439,1821,148,1673
2021,Oldham East and Saddleworth,E14000870,108606,78713,75489,519,67,257,2381,2884,1074,499,877,434,22379,342,17526,3125,261,1125,3232,2430,353,449,1398,173,1225
2021,Oldham West and Royton,E14000871,112022,66546,63471,570,104,200,2201,2731,1017,455,863,396,36688,1262,15098,18563,445,1320,4325,3163,427,735,1732,313,1419
2021,Orpington,E14000872,92823,74589,68384,935,271,100,4899,3304,881,458,1046,919,8899,4616,377,383,1728,1795,4656,2956,1052,648,1375,225,1150
2021,Oxford East,E14000873,131458,90538,69033,1818,55,448,19184,7388,1703,924,2572,2189,21682,5277,6306,1747,3219,5133,6906,4590,1524,792,4944,1245,3699
2021,Oxford West and Abingdon,E14000874,108034,91782,77326,1291,75,207,12883,4022,691,455,1513,1363,8087,2221,918,559,2524,1865,1899,1252,394,253,2244,494,1750
2021,Pendle,E14000875,95758,67577,63320,342,97,126,3692,1488,231,95,885,277,25573,242,24502,302,161,366,244,174,51,19,876,235,641
2021,Penistone and Stocksbridge,E14000876,89020,86012,84465,346,39,7,1155,1148,437,119,365,227,978,320,225,21,196,216,579,309,153,117,303,79,224
2021,Penrith and The Border,E14000877,84427,82885,80472,301,126,30,1956,580,98,93,223,166,604,180,34,88,128,174,138,92,34,12,220,30,190
2021,Peterborough,E14000878,131147,91343,68790,653,504,676,20720,4575,1132,961,1281,1201,25829,4801,15915,364,528,4221,4865,3388,896,581,4535,653,3882
2021,"Plymouth, Moor View",E14000879,95340,91613,88921,271,41,24,2356,1108,317,170,322,299,1404,378,48,102,315,561,684,470,132,82,531,134,397
2021,"Plymouth, Sutton and Devonport",E14000880,112666,101752,93617,593,97,143,7302,2937,620,613,817,887,4221,954,309,412,1039,1507,1918,1482,248,188,1838,495,1343
2021,Poole,E14000881,100013,93488,86467,665,162,111,6083,1967,429,317,610,611,2972,998,129,348,478,1019,674,458,135,81,912,167,745
2021,Poplar and Limehouse,E14000882,167288,63835,34664,1643,67,1215,26246,8331,1979,1255,2298,2799,75270,7126,1997,54946,7051,4150,12977,8806,2825,1346,6875,2088,4787
2021,Portsmouth North,E14000883,100133,90413,85376,379,42,95,4521,1865,396,459,563,447,4841,1212,179,1301,679,1470,2030,1476,300,254,984,206,778
2021,Portsmouth South,E14000884,107870,86864,76287,688,76,229,9584,3623,780,786,977,1080,9533,1892,424,3442,1437,2338,5037,3893,650,494,2813,801,2012
2021,Preston,E14000885,95943,65658,57392,596,100,226,7344,3274,1393,380,931,570,21991,13599,6019,551,471,1351,2832,1888,689,255,2188,856,1332
2021,Pudsey,E14000886,97855,87351,84396,637,35,41,2242,2287,708,245,853,481,6227,2445,2459,118,644,561,842,537,200,105,1148,262,886
2021,Putney,E14000887,100791,68718,47209,2176,21,540,18772,6505,1641,775,1722,2367,12532,2511,4922,369,1483,3247,8079,4711,2284,1084,4957,1592,3365
2021,Rayleigh and Wickford,E14000888,100084,95183,92845,615,138,42,1543,1808,591,242,585,390,1666,598,158,141,332,437,1023,650,237,136,404,41,363
2021,Reading East,E14000889,120564,82422,67082,1333,83,367,13557,5247,1697,718,1543,1289,22849,9004,6387,625,2181,4652,6472,4179,1494,799,3574,1049,2525
2021,Reading West,E14000890,112397,82098,70135,1208,93,257,10405,5709,2497,799,1190,1223,14779,4771,4276,678,1044,4010,7650,4334,2313,1003,2161,407,1754
2021,Redcar,E14000891,87411,85035,84006,236,53,11,729,816,180,150,320,166,886,108,259,146,166,207,201,150,34,17,473,307,166
2021,Redditch,E14000892,93047,84039,77473,560,63,57,5886,2365,1347,126,541,351,5038,1057,3153,226,237,365,1064,339,556,169,541,66,475
2021,Reigate,E14000893,107468,89960,81788,1289,233,85,6565,4125,939,555,1390,1241,8423,3528,1515,610,634,2136,3394,2202,789,403,1566,325,1241
2021,Ribble Valley,E14000894,103057,98881,96401,578,22,42,1838,1400,383,202,563,252,2124,806,749,30,258,281,315,181,107,27,337,86,251
2021,Richmond (Yorks),E14000895,105018,101116,99005,400,108,23,1580,923,209,140,328,246,1749,196,71,18,124,1340,545,223,160,162,685,87,598
2021,Richmond Park,E14000896,121413,91215,67965,2534,18,281,20417,7200,1011,784,2956,2449,14716,4660,1433,507,2931,5185,2408,1541,570,297,5874,2131,3743
2021,Rochdale,E14000897,114389,71730,67649,787,126,88,3080,2678,517,572,1053,536,33844,660,25168,4779,293,2944,3497,2872,183,442,2640,477,2163
2021,Rochester and Strood,E14000898,116649,99265,92529,826,280,135,5495,3179,975,518,935,751,6789,3440,577,782,588,1402,5847,4247,900,700,1569,159,1410
2021,Rochford and Southend East,E14000899,105870,92365,85824,772,92,184,5493,3297,978,706,832,781,5403,1363,952,969,766,1353,3557,2492,545,520,1248,234,1014
2021,Romford,E14000900,106612,77057,66260,1331,96,250,9120,4385,1446,642,1062,1235,13747,5254,3091,2203,861,2338,8729,5231,2427,1071,2694,455,2239
2021,Romsey and Southampton North,E14000901,91929,80419,74516,553,136,83,5131,2022,349,291,804,578,6815,2318,905,481,1471,1640,1270,957,161,152,1403,331,1072
2021,Rossendale and Darwen,E14000902,99424,93803,91700,588,38,25,1452,1367,341,188,566,272,3591,485,1787,760,272,287,297,177,67,53,366,92,274
2021,Rother Valley,E14000903,99027,93952,92326,251,42,23,1310,1222,437,138,424,223,2677,537,1408,41,281,410,743,520,130,93,433,111,322
2021,Rotherham,E14000904,90618,74375,69966,221,126,648,3414,1730,458,281,606,385,10653,593,8317,62,321,1360,1754,1382,136,236,2106,594,1512
2021,Rugby,E14000905,108440,93028,81010,1027,89,202,10700,2952,1096,368,902,586,8279,5031,938,274,715,1321,2931,1794,746,391,1250,155,1095
2021,"Ruislip, Northwood and Pinner",E14000906,100305,57354,46451,2371,51,156,8325,4013,786,410,1653,1164,30723,21319,2620,466,1159,5159,4031,2483,1128,420,4184,1090,3094
2021,Runnymede and Weybridge,E14000907,111023,93072,80149,1619,384,220,10700,4105,689,526,1654,1236,9714,4673,1010,465,1178,2388,1921,1336,416,169,2211,624,1587
2021,Rushcliffe,E14000908,101694,90232,86322,778,21,43,3068,2976,964,265,1101,646,6491,3344,1454,124,836,733,975,510,355,110,1020,361,659
2021,Rutland and Melton,E14000909,108053,100954,96935,627,117,36,3239,1837,589,203,657,388,3693,2622,212,58,314,487,916,466,313,137,653,80,573
2021,Saffron Walden,E14000910,117845,110155,104010,1047,194,93,4811,2645,676,375,896,698,2901,1203,190,246,428,834,1315,833,291,191,829,139,690
2021,Salford and Eccles,E14000911,129173,103070,91601,1544,139,377,9409,4602,1420,1114,998,1070,8398,2363,1909,488,2009,1629,9065,7497,839,729,4038,2061,1977
2021,Salisbury,E14000912,100275,94176,89405,501,235,62,3973,1606,345,238,618,405,2795,1049,126,296,350,974,1066,653,228,185,632,128,504
2021,Scarborough and Whitby,E14000913,97186,94059,90595,280,50,133,3001,992,197,157,375,263,1338,353,140,187,212,446,320,262,40,18,477,124,353
2021,Scunthorpe,E14000914,90621,82730,74904,322,100,209,7195,1162,226,189,453,294,4870,903,904,1748,304,1011,664,563,58,43,1195,202,993
2021,Sedgefield,E14000915,85663,83910,82321,257,132,25,1175,661,153,114,244,150,665,211,57,20,167,210,188,115,41,32,239,79,160
2021,Sefton Central,E14000916,84873,82503,80781,708,8,20,986,985,182,194,343,266,870,305,58,50,236,221,275,181,55,39,240,82,158
2021,Selby and Ainsty,E14000917,105807,102923,99056,445,158,44,3220,1091,263,157,389,282,1034,286,55,6,362,325,363,236,77,50,396,107,289
2021,Sevenoaks,E14000918,97631,89426,82581,906,403,69,5467,2614,526,272,1126,690,3016,1104,218,207,716,771,1774,1239,322,213,801,143,658
2021,Sheffield Central,E14000919,117822,79785,71562,806,37,278,7102,5379,1739,743,1574,1323,18480,2934,6829,894,4969,2854,7780,5760,1366,654,6398,3419,2979
2021,Sheffield South East,E14000920,94032,75537,72488,271,83,543,2152,2484,1027,225,646,586,11376,524,7169,2526,294,863,2620,1802,503,315,2015,771,1244
2021,"Sheffield, Brightside and Hillsborough",E14000921,109075,75172,68969,348,110,1547,4198,4531,2008,520,898,1105,14278,1076,10534,266,364,2038,8980,6666,1368,946,6114,3514,2600
2021,"Sheffield, Hallam",E14000922,88740,79044,75715,675,38,21,2595,2721,692,286,1114,629,4518,1529,1098,166,1002,723,1156,717,318,121,1301,626,675
2021,"Sheffield, Heeley",E14000923,93042,78974,75241,419,59,62,3193,3758,1703,584,731,740,4300,536,1882,394,637,851,4523,3048,973,502,1487,561,926
2021,Sherwood,E14000924,104186,99053,96410,398,119,20,2106,1903,875,217,469,342,1574,767,209,34,266,298,1232,740,325,167,424,90,334
2021,Shipley,E14000925,97419,87185,84174,522,47,31,2411,2197,731,172,856,438,6554,1152,4259,407,218,518,726,306,328,92,757,162,595
2021,Shrewsbury and Atcham,E14000926,109687,104860,100520,541,91,68,3640,1631,408,176,513,534,2274,928,184,113,475,574,415,246,87,82,507,135,372
2021,Sittingbourne and Sheppey,E14000927,122678,114451,107835,677,808,142,4989,2261,693,345,618,605,2018,708,132,376,263,539,3309,2430,398,481,639,118,521
2021,Skipton and Ripon,E14000928,101038,97876,94971,451,66,21,2367,1057,237,150,396,274,1457,363,539,29,193,333,311,178,75,58,337,63,274
2021,Sleaford and North Hykeham,E14000929,120774,117401,114015,526,49,24,2787,1393,385,214,472,322,1190,391,106,85,283,325,405,237,101,67,385,70,315
2021,Slough,E14000930,152079,53909,35963,1090,185,329,16342,6047,1784,800,1835,1628,71858,28764,33831,874,582,7807,11580,7546,2673,1361,8685,1769,6916
2021,Solihull,E14000931,101641,77767,72726,2352,7,33,2649,2927,1044,187,1041,655,17169,8093,5625,872,1177,1402,1536,611,718,207,2242,629,1613
2021,Somerton and Frome,E14000932,111388,108633,104264,549,211,42,3567,1318,267,173,532,346,857,197,24,47,215,374,279,178,60,41,301,54,247
2021,South Basildon and East Thurrock,E14000933,103206,89921,84562,608,181,130,4440,2512,876,464,569,603,4266,2126,468,385,339,948,5688,4156,754,778,819,107,712
2021,South Cambridgeshire,E14000934,124506,108827,96953,1101,247,119,10407,3853,714,544,1494,1101,8584,3406,764,523,1964,1927,1712,1237,287,188,1530,360,1170
2021,South Derbyshire,E14000935,107206,99836,96634,437,72,50,2643,1934,786,189,616,343,3841,2630,401,29,287,494,855,465,294,96,740,88,652
2021,South Dorset,E14000936,93752,90755,87759,473,83,49,2391,1243,316,150,425,352,993,161,61,110,173,488,348,162,109,77,413,81,332
2021,South East Cambridgeshire,E14000937,118920,109238,98167,1092,452,179,9348,2899,487,412,1049,951,4497,1918,377,236,887,1079,1196,819,194,183,1090,228,862
2021,South East Cornwall,E14000938,91358,89338,87126,358,74,34,1746,848,193,102,314,239,470,83,4,18,118,247,100,31,41,28,602,32,570
2021,South Holland and The Deepings,E14000939,109479,105481,93752,334,172,174,11049,1443,405,255,395,388,1373,528,92,68,254,431,575,357,142,76,607,52,555
2021,South Leicestershire,E14000940,110361,99571,95318,554,230,50,3419,2543,982,247,784,530,5929,4639,319,51,406,514,1280,761,377,142,1038,135,903
2021,South Norfolk,E14000941,112196,107027,102814,403,116,62,3632,1655,322,291,560,482,2108,845,113,134,416,600,853,622,139,92,553,133,420
2021,South Northamptonshire,E14000942,126537,115285,107545,942,41,166,6591,3013,987,431,835,760,4422,2353,531,296,549,693,3019,1940,592,487,798,139,659
2021,South Ribble,E14000943,99251,95208,92759,528,40,29,1852,1593,609,204,497,283,1709,806,319,67,273,244,447,211,164,72,294,80,214
2021,South Shields,E14000944,80396,74386,73255,196,39,17,879,1295,164,276,405,450,3350,415,331,2018,151,435,510,394,44,72,855,411,444
2021,South Staffordshire,E14000945,95381,88963,87397,420,187,27,932,2010,1074,105,531,300,2950,2023,413,57,174,283,969,285,511,173,489,59,430
2021,South Suffolk,E14000946,96569,93443,90489,509,40,26,2379,1374,385,213,390,386,890,239,38,107,178,328,509,291,125,93,353,39,314
2021,South Swindon,E14000947,112191,85210,76522,803,108,275,7502,3309,973,570,830,936,18514,12664,1169,1035,584,3062,3067,2038,585,444,2091,194,1897
2021,South Thanet,E14000948,99619,92810,87078,810,161,259,4502,2373,685,432,627,629,2244,608,205,195,334,902,970,561,288,121,1222,157,1065
2021,South West Bedfordshire,E14000949,114982,100924,89884,1459,190,194,9197,3887,1291,561,1129,906,4780,1899,782,331,476,1292,4151,2384,1248,519,1240,219,1021
2021,South West Devon,E14000950,93650,91567,89525,353,62,22,1605,964,242,118,359,245,566,153,51,33,130,199,231,95,98,38,322,82,240
2021,South West Hertfordshire,E14000951,110665,92300,83421,1858,85,96,6840,3601,772,371,1507,951,11477,7870,997,251,706,1653,1839,967,650,222,1448,245,1203
2021,South West Norfolk,E14000952,110437,106269,96890,508,258,109,8504,1764,424,390,386,564,1001,225,75,81,205,415,591,281,147,163,812,51,761
2021,South West Surrey,E14000953,108298,101113,93604,1074,170,75,6190,2499,372,270,1175,682,3233,701,798,225,693,816,764,508,165,91,689,127,562
2021,South West Wiltshire,E14000954,104728,99902,94189,506,111,67,5029,1720,597,233,446,444,1609,366,42,173,262,766,757,339,251,167,740,211,529
2021,"Southampton, Itchen",E14000955,110063,94602,82655,604,162,252,10929,3692,1113,701,954,924,6981,2347,738,501,1402,1993,2879,2061,484,334,1909,495,1414
2021,"Southampton, Test",E14000956,110535,85387,69533,823,152,265,14614,3610,877,685,1098,950,14734,5416,2831,1181,1655,3651,3788,2866,527,395,3016,607,2409
2021,Southend West,E14000957,91624,81716,77236,886,50,67,3477,2554,697,390,790,677,4708,1549,833,666,454,1206,1802,1252,320,230,844,179,665
2021,Southport,E14000958,92981,88350,82779,816,11,81,4663,1607,396,265,521,425,1827,430,124,306,509,458,540,343,112,85,657,165,492
2021,Spelthorne,E14000959,102960,81000,71261,1321,277,214,7927,3763,718,482,1489,1074,13146,7559,1670,433,799,2685,2548,1711,583,254,2503,528,1975
2021,St Albans,E14000960,103827,83992,72474,2215,119,136,9048,4786,1011,500,1877,1398,10315,3038,1474,2872,1261,1670,2547,1424,802,321,2187,742,1445
2021,St Austell and Newquay,E14000961,107730,104679,101167,410,181,106,2815,1268,343,152,416,357,592,106,13,47,179,247,155,77,50,28,1036,14,1022
2021,St Helens North,E14000962,100168,97055,94313,493,60,17,2172,1067,252,209,340,266,1165,199,85,134,307,440,375,260,48,67,506,189,317
2021,St Helens South and Whiston,E14000963,105440,100828,97782,591,86,64,2305,1235,321,270,334,310,2153,751,177,41,445,739,591,454,73,64,633,225,408
2021,St Ives,E14000964,85314,82315,79809,406,38,17,2045,1087,253,160,380,294,512,70,23,41,145,233,173,80,64,29,1227,52,1175
2021,Stafford,E14000965,99244,91545,87816,500,86,49,3094,2034,916,185,540,393,3622,1647,449,129,383,1014,1282,623,468,191,761,174,587
2021,Staffordshire Moorlands,E14000966,76610,75125,74011,192,48,11,863,747,258,72,256,161,456,130,61,5,85,175,165,68,79,18,117,16,101
2021,Stalybridge and Hyde,E14000967,97353,87181,84797,578,37,33,1736,1756,584,307,565,300,6535,703,1031,4119,337,345,1345,1016,200,129,536,172,364
2021,Stevenage,E14000968,99971,83930,76652,1124,78,101,5975,3442,1259,519,852,812,6949,2651,980,816,575,1927,4435,3049,822,564,1215,277,938
2021,Stockport,E14000969,90291,77311,72648,1579,32,56,2996,2863,847,551,809,656,6892,1200,3546,350,668,1128,1594,1010,351,233,1631,472,1159
2021,Stockton North,E14000970,93037,87370,85808,239,81,98,1144,1060,167,208,410,275,2586,436,1083,107,201,759,1284,1033,76,175,737,201,536
2021,Stockton South,E14000971,103557,93566,91718,289,63,45,1451,1679,246,262,721,450,6466,1376,3793,129,488,680,919,790,54,75,927,357,570
2021,Stoke-on-Trent Central,E14000972,88172,70299,64262,215,113,198,5511,2301,769,385,725,422,10335,1431,5906,397,494,2107,3338,2539,429,370,1899,389,1510
2021,Stoke-on-Trent North,E14000973,99515,84880,80823,166,131,122,3638,2127,790,371,619,347,8767,541,5458,987,345,1436,2191,1553,336,302,1550,209,1341
2021,Stoke-on-Trent South,E14000974,90740,80009,77001,219,64,111,2614,1662,585,301,499,277,6711,833,4278,201,289,1110,1432,1000,178,254,926,93,833
2021,Stone,E14000975,86505,83721,82223,392,36,26,1044,1109,419,122,328,240,1102,458,161,25,170,288,311,169,106,36,262,67,195
2021,Stourbridge,E14000976,90364,79241,77316,367,91,67,1400,2001,1007,112,560,322,7180,1245,5093,66,264,512,1019,443,432,144,923,406,517
2021,Stratford-on-Avon,E14000977,97227,92725,86965,896,131,73,4660,1664,433,167,657,407,1939,901,197,33,328,480,316,162,122,32,583,102,481
2021,Streatham,E14000978,118512,67797,46457,2635,82,705,17918,9533,2831,1554,1756,3392,9342,2788,2556,912,1144,1942,25026,11703,10076,3247,6814,899,5915
2021,Stretford and Urmston,E14000979,101770,74785,69029,2331,28,31,3366,4488,1898,550,901,1139,14134,4438,7223,330,996,1147,5768,2155,2860,753,2595,1056,1539
2021,Stroud,E14000980,107895,103820,99438,646,120,54,3562,2003,542,240,707,514,1175,419,61,97,222,376,495,244,170,81,402,59,343
2021,Suffolk Coastal,E14000981,103010,98938,95151,543,61,28,3155,1639,472,259,434,474,1333,310,83,144,294,502,678,320,236,122,422,35,387
2021,Sunderland Central,E14000982,97415,87207,84799,225,28,70,2085,1050,180,235,367,268,6351,1167,495,2763,603,1323,1914,1719,68,127,893,315,578
2021,Surrey Heath,E14000983,110905,95640,87904,981,373,128,6254,2891,550,361,1106,874,8955,3178,1518,493,697,3069,1647,1100,333,214,1772,396,1376
2021,Sutton and Cheam,E14000984,104952,71344,58055,1724,53,207,11305,4882,1136,576,1672,1498,20119,7041,3415,933,2483,6247,4712,2872,1213,627,3895,908,2987
2021,Sutton Coldfield,E14000985,96685,78744,74491,1790,18,39,2406,3259,1505,167,936,651,10320,5710,2152,432,1012,1014,2681,872,1422,387,1681,409,1272
2021,Tamworth,E14000986,97945,92728,88305,612,24,123,3664,1904,918,163,507,316,2145,1292,223,53,255,322,697,227,359,111,471,65,406
2021,Tatton,E14000987,89249,82596,79061,811,15,25,2684,1978,443,229,774,532,3210,1301,822,75,450,562,528,328,136,64,937,322,615
2021,Taunton Deane,E14000988,122507,116277,109322,546,168,135,6106,1701,380,289,583,449,3032,1035,97,208,655,1037,769,590,104,75,728,126,602
2021,Telford,E14000989,101912,90873,85837,358,108,98,4472,2688,1204,422,637,425,4218,2747,488,75,414,494,3321,2485,401,435,812,85,727
2021,Tewkesbury,E14000990,111569,105396,100029,663,363,95,4246,2074,713,217,697,447,2738,1284,180,176,304,794,770,430,212,128,591,117,474
2021,The Cotswolds,E14000991,104039,100393,96003,700,77,63,3550,1560,325,190,572,473,1273,408,56,57,250,502,436,274,95,67,377,52,325
2021,The Wrekin,E14000992,102019,90023,85004,443,111,98,4367,2489,1022,272,789,406,6188,2012,2915,133,442,686,2145,1528,384,233,1174,332,842
2021,Thirsk and Malton,E14000993,101708,99739,96916,422,105,31,2265,778,141,140,266,231,621,119,63,32,171,236,241,132,51,58,329,54,275
2021,Thornbury and Yate,E14000994,92813,88802,85502,435,181,52,2632,1596,576,187,473,360,1386,451,185,59,277,414,633,324,215,94,396,75,321
2021,Thurrock,E14000995,131430,94611,77772,699,355,297,15488,4363,1378,971,879,1135,11098,3582,1998,2318,891,2309,18927,14732,1919,2276,2431,346,2085
2021,Tiverton and Honiton,E14000996,105714,103313,99502,397,150,47,3217,1091,255,131,404,301,892,186,16,108,244,338,161,99,39,23,257,38,219
2021,Tonbridge and Malling,E14000997,107404,99926,94208,745,325,63,4585,2613,551,336,982,744,3343,1299,238,338,599,869,865,549,203,113,657,130,527
2021,Tooting,E14000998,107285,71400,53783,3040,70,345,14162,6556,1758,785,1900,2113,15033,4592,4925,824,1039,3653,10765,5263,4166,1336,3531,724,2807
2021,Torbay,E14000999,102941,98476,93679,550,32,76,4139,1609,423,218,545,423,1975,461,140,109,379,886,376,232,105,39,505,106,399
2021,Torridge and West Devon,E14001000,102568,100678,98365,477,70,35,1731,984,226,113,366,279,558,107,18,20,173,240,142,64,50,28,206,37,169
2021,Totnes,E14001001,88067,85672,82917,458,55,35,2207,1170,300,135,398,337,656,158,40,46,164,248,174,79,73,22,395,146,249
2021,Tottenham,E14001002,139639,66544,32143,2310,186,1265,30640,9757,3272,1459,1464,3562,13090,2685,1285,3373,2096,3651,33552,18189,11646,3717,16696,1517,15179
2021,Truro and Falmouth,E14001003,99500,94729,90909,559,76,49,3136,1730,366,206,648,510,1409,338,122,123,298,528,373,253,64,56,1259,107,1152
2021,Tunbridge Wells,E14001004,105426,96168,88206,828,258,112,6764,2744,447,345,1204,748,4410,1668,360,547,615,1220,1053,761,166,126,1051,236,815
2021,Twickenham,E14001005,117772,94723,76833,3024,67,211,14588,6011,1001,679,2393,1938,11308,4966,1291,624,1458,2969,2372,1442,617,313,3358,857,2501
2021,Tynemouth,E14001006,101322,96325,94047,436,26,18,1798,1528,258,340,545,385,2554,615,203,772,383,581,435,341,45,49,480,126,354
2021,Uxbridge and South Ruislip,E14001007,112272,63838,49304,2691,184,318,11341,5758,1374,768,1713,1903,28870,14731,4068,1874,1649,6548,7902,4900,2270,732,5904,1853,4051
2021,Vauxhall,E14001008,122105,66928,43802,2643,45,604,19834,9180,2798,1492,1617,3273,9333,2032,703,1086,3171,2341,29366,15926,9709,3731,7298,1252,6046
2021,Wakefield,E14001009,100851,88268,81982,342,64,96,5784,1823,450,301,692,380,7221,865,4984,35,277,1060,2190,1802,131,257,1349,316,1033
2021,Wallasey,E14001010,88442,84677,82596,619,23,25,1414,1406,301,323,374,408,1559,253,53,250,484,519,339,177,101,61,461,111,350
2021,Walsall North,E14001011,100424,79449,75167,224,203,43,3812,3358,1909,226,741,482,10982,5760,3636,336,316,934,4978,2441,1910,627,1657,90,1567
2021,Walsall South,E14001012,106052,54424,49205,331,95,162,4631,4152,2036,289,1138,689,37447,13627,15394,5952,303,2171,6583,3422,2268,893,3446,384,3062
2021,Walthamstow,E14001013,122417,61802,38000,1810,123,706,21163,7991,2162,1275,1753,2801,26514,3588,14739,1763,1246,5178,18817,8659,7786,2372,7293,1483,5810
2021,Wansbeck,E14001014,83289,81253,80240,163,80,21,749,646,133,115,262,136,961,239,128,95,146,353,141,102,24,15,288,41,247
2021,Wantage,E14001015,131348,120935,112055,898,102,78,7802,2828,690,370,997,771,4310,1603,401,163,707,1436,2115,1396,415,304,1160,260,900
2021,Warley,E14001016,103328,45124,39157,737,133,182,4915,5319,2710,383,1276,950,34781,15425,11510,3253,572,4021,12206,6240,4472,1494,5898,712,5186
2021,Warrington North,E14001017,96962,91635,85968,613,59,74,4921,1478,379,292,457,350,2374,654,616,74,573,457,746,466,148,132,729,128,601
2021,Warrington South,E14001018,114011,105671,99972,753,57,93,4796,1857,406,301,747,403,4583,1696,1144,123,753,867,829,611,126,92,1071,262,809
2021,Warwick and Leamington,E14001019,106007,87439,76990,1556,49,155,8689,3453,925,370,1294,864,11879,8773,737,105,880,1384,1199,710,354,135,2037,204,1833
2021,Washington and Sunderland West,E14001020,87043,84582,83375,134,25,20,1028,733,114,171,275,173,1098,433,134,107,175,249,380,307,31,42,250,47,203
2021,Watford,E14001021,128552,82609,65016,2783,127,362,14321,5791,1541,795,1728,1727,28738,12584,8539,524,1183,5908,7304,4431,1981,892,4110,862,3248
2021,Waveney,E14001022,103451,100307,97716,421,77,44,2049,1311,348,216,409,338,1144,290,71,76,280,427,371,199,114,58,318,41,277
2021,Wealden,E14001023,108875,104410,99317,748,282,84,3979,1957,356,289,767,545,1555,505,57,175,286,532,479,285,136,58,474,94,380
2021,Weaver Vale,E14001024,92869,89213,86351,517,27,32,2286,1369,283,258,476,352,1409,436,136,51,328,458,306,198,66,42,572,139,433
2021,Wellingborough,E14001025,115820,100658,88886,822,115,210,10625,3560,1636,502,681,741,5884,3642,522,691,289,740,4858,2578,1502,778,860,91,769
2021,Wells,E14001026,107528,104114,99623,623,140,85,3643,1390,306,206,507,371,1314,341,39,150,354,430,352,211,82,59,358,39,319
2021,Welwyn Hatfield,E14001027,114192,89591,76504,1480,264,259,11084,4741,1300,852,1280,1309,10302,5036,1168,584,1295,2219,7088,5418,1000,670,2470,528,1942
2021,Wentworth and Dearne,E14001028,100614,97369,95197,226,64,44,1838,1111,381,189,315,226,1030,206,317,20,205,282,746,536,82,128,358,88,270
2021,West Bromwich East,E14001029,96426,52193,46934,453,62,111,4633,4011,2130,279,864,738,27433,16462,3701,4091,268,2911,8593,2677,4687,1229,4196,563,3633
2021,West Bromwich West,E14001030,101378,65801,60489,265,81,77,4889,3707,2269,192,728,518,21719,11226,4928,3465,228,1872,7342,2985,3276,1081,2809,367,2442
2021,West Dorset,E14001031,101004,97833,94570,551,130,34,2548,1199,262,165,464,308,1363,418,130,118,257,440,278,163,69,46,331,86,245
2021,West Ham,E14001032,184082,65691,32783,1294,143,1384,30087,9940,2692,2067,1869,3312,62140,13831,11496,25357,4430,7026,37120,24622,8268,4230,9191,2115,7076
2021,West Lancashire,E14001033,100439,97159,92876,590,29,71,3593,1385,297,282,460,346,1134,416,110,36,238,334,360,229,90,41,401,135,266
2021,West Suffolk,E14001034,122259,111244,98027,1020,224,167,11806,3683,689,644,799,1551,3218,974,437,223,379,1205,2329,1004,442,883,1785,177,1608
2021,West Worcestershire,E14001035,98221,95118,92045,451,252,27,2343,1308,311,175,530,292,1179,350,124,61,319,325,304,178,88,38,312,51,261
2021,Westminster North,E14001036,111785,57315,28488,2140,27,726,25934,7523,1294,1255,1875,3099,18196,3929,1284,5151,2558,5274,11063,6635,3292,1136,17688,10104,7584
2021,Westmorland and Lonsdale,E14001037,84421,82382,78822,366,21,71,3102,868,187,134,295,252,666,138,61,20,165,282,230,106,97,27,275,47,228
2021,Weston-Super-Mare,E14001038,113564,108203,100941,548,175,114,6425,1847,560,311,530,446,2008,642,88,302,414,562,739,504,134,101,767,160,607
2021,Wigan,E14001039,104882,99307,95201,390,67,94,3555,1328,306,286,402,334,2010,752,292,61,318,587,1279,1016,83,180,958,322,636
2021,Wimbledon,E14001040,101216,71960,50997,2626,49,367,17921,6006,896,668,2432,2010,15614,4552,2635,779,2358,5290,3883,2105,1258,520,3753,908,2845
2021,Winchester,E14001041,102267,93452,87370,772,117,77,5116,2467,376,265,1123,703,4635,1619,271,281,869,1595,781,528,162,91,932,233,699
2021,Windsor,E14001042,109365,89248,77394,1505,276,151,9922,3862,707,427,1626,1102,11959,6760,2183,246,929,1841,2044,1273,510,261,2252,537,1715
2021,Wirral South,E14001043,72562,69697,68044,599,12,14,1028,1010,171,172,410,257,1366,516,72,110,361,307,219,151,47,21,270,52,218
2021,Wirral West,E14001044,68916,66191,64628,588,3,14,958,985,213,165,375,232,1212,426,68,52,302,364,237,156,56,25,291,68,223
2021,Witham,E14001045,96431,90939,87461,624,208,60,2586,1863,551,260,559,493,1790,660,122,101,277,630,1303,871,257,175,536,91,445
2021,Witney,E14001046,114236,108773,101648,851,187,105,5982,2141,478,294,818,551,1936,498,134,211,404,689,722,475,160,87,664,133,531
2021,Woking,E14001047,111619,88497,76392,1122,152,309,10522,3782,648,505,1527,1102,14970,3405,7352,689,1013,2511,2093,1464,370,259,2277,653,1624
2021,Wokingham,E14001048,120032,94954,86321,938,185,128,7382,4015,969,469,1540,1037,15774,9067,2858,282,1841,1726,3213,2199,619,395,2076,770,1306
2021,Wolverhampton North East,E14001049,92639,63861,58754,424,89,111,4483,5371,3557,336,774,704,11452,8342,1007,233,319,1551,9693,4540,3741,1412,2262,279,1983
2021,Wolverhampton South East,E14001050,96939,56783,51909,207,129,150,4388,4890,2970,302,892,726,23396,19423,1320,98,260,2295,8247,3496,3362,1389,3623,208,3415
2021,Wolverhampton South West,E14001051,87559,50660,44913,554,65,197,4931,4289,2251,318,1026,694,21761,14794,4461,200,254,2052,7176,3320,3020,836,3673,493,3180
2021,Worcester,E14001052,103869,93478,85868,566,95,132,6817,2283,628,425,716,514,5860,1336,2578,542,388,1016,1212,836,241,135,1036,160,876
2021,Workington,E14001053,78840,77695,76511,196,37,19,932,483,120,51,184,128,419,83,28,35,117,156,65,44,16,5,178,30,148
2021,Worsley and Eccles South,E14001054,107752,94945,88664,1015,76,70,5120,2817,914,655,655,593,4115,1086,953,279,932,865,4189,3306,317,566,1686,813,873
2021,Worthing West,E14001055,102046,94699,88876,838,64,158,4763,2284,457,433,734,660,3110,802,178,551,451,1128,1087,758,213,116,866,205,661
2021,Wycombe,E14001056,115022,76695,65999,1077,76,189,9354,5420,2014,538,1476,1392,24774,4284,15957,697,806,3030,5619,2099,2836,684,2514,466,2048
2021,Wyre and Preston North,E14001057,97000,86126,84136,506,51,35,1398,1394,400,198,529,267,8068,5418,1517,210,350,573,715,495,155,65,697,308,389
2021,Wyre Forest,E14001058,101609,97423,93961,475,451,49,2487,1470,606,113,467,284,1939,437,140,748,244,370,395,159,169,67,382,64,318
2021,Wythenshawe and Sale East,E14001059,111581,89359,81446,1502,67,152,6192,4802,2057,850,889,1006,9249,3649,2514,285,1606,1195,5380,3486,1208,686,2791,1336,1455
2021,Yeovil,E14001060,113831,109250,102675,433,127,120,5895,1471,328,310,406,427,1926,705,122,147,231,721,655,452,127,76,529,79,450
2021,York Central,E14001061,104690,95115,87502,766,210,184,6453,2289,421,305,906,657,5081,1136,317,267,2021,1340,874,653,140,81,1331,427,904
2021,York Outer,E14001062,98132,93055,89462,551,158,38,2846,1452,210,189,673,380,2552,717,228,145,868,594,451,325,69,57,622,196,426
2021,Ynys Mn,W07000041,68879,67587,66339,381,54,33,780,598,156,78,191,173,430,94,22,40,108,166,104,68,17,19,160,58,102
2021,Delyn,W07000042,70593,69265,66937,287,60,24,1957,591,149,107,191,144,467,105,65,6,114,177,86,43,29,14,184,35,149
2021,Alyn and Deeside,W07000043,84370,81969,77419,343,63,52,4092,858,184,135,315,224,987,290,62,103,260,272,205,131,32,42,351,57,294
2021,Wrexham,W07000044,71825,67888,62486,217,65,54,5066,1000,244,246,284,226,1784,447,237,232,233,635,613,456,61,96,540,134,406
2021,Llanelli,W07000045,82368,79973,76739,240,269,34,2691,786,199,113,290,184,1182,231,134,55,234,528,145,91,33,21,282,84,198
2021,Gower,W07000046,78055,75580,73988,344,34,13,1201,873,169,122,335,247,1084,307,159,79,250,289,226,157,34,35,292,100,192
2021,Swansea West,W07000047,78412,67056,62791,484,19,73,3689,1785,286,283,575,641,5893,1122,487,2023,1092,1169,1563,1269,149,145,2115,1066,1049
2021,Swansea East,W07000048,82017,75412,71924,283,36,31,3138,1149,214,269,374,292,3474,743,309,763,589,1070,1008,801,52,155,974,412,562
2021,Aberavon,W07000049,69369,66272,64860,234,138,24,1016,897,314,115,279,189,1608,401,171,402,238,396,329,203,71,55,263,52,211
2021,Cardiff Central,W07000050,92207,67814,61044,708,89,222,5751,3830,875,624,1181,1150,12515,2702,3106,1890,2559,2258,3487,2672,381,434,4561,2527,2034
2021,Cardiff North,W07000051,90349,78974,75730,591,23,54,2576,2831,808,395,795,833,5425,1825,1004,747,819,1030,1247,846,176,225,1872,1058,814
2021,Rhondda,W07000052,68171,66583,65832,96,14,7,634,675,157,217,151,150,681,112,46,93,240,190,124,75,22,27,108,32,76
2021,Torfaen,W07000053,82638,80295,78724,261,260,31,1019,878,302,109,232,235,1048,209,67,91,191,490,196,100,62,34,221,38,183
2021,Monmouth,W07000054,85042,82327,79970,435,41,15,1866,1021,228,163,346,284,1149,312,104,50,243,440,237,131,66,40,308,89,219
2021,Newport East,W07000055,83915,73170,68628,272,76,264,3930,2147,677,360,632,478,5804,580,2810,1456,314,644,1729,1314,210,205,1065,238,827
2021,Newport West,W07000056,93231,80380,76361,463,92,145,3319,2528,925,325,618,660,6583,1493,2008,1412,454,1216,2030,1390,345,295,1710,768,942
2021,Arfon,W07000057,59869,56470,54420,314,60,29,1647,825,214,112,284,215,1662,423,187,150,515,387,431,336,54,41,481,288,193
2021,Aberconwy,W07000058,55866,54350,52408,431,31,13,1467,588,128,86,220,154,614,137,48,70,177,182,133,70,34,29,181,50,131
2021,Clwyd West,W07000059,74207,71716,70100,491,78,8,1039,808,228,124,309,147,1280,288,156,111,382,343,160,105,28,27,243,75,168
2021,Vale of Clwyd,W07000060,73004,70274,68758,365,50,30,1071,840,269,138,247,186,1358,273,153,109,196,627,239,161,40,38,293,105,188
2021,Dwyfor Meirionnydd,W07000061,57525,56518,55128,239,53,16,1082,508,157,67,153,131,306,62,22,48,65,109,82,37,28,17,111,27,84
2021,Clwyd South,W07000062,70767,69109,67188,250,60,10,1601,622,152,147,192,131,510,98,49,47,87,229,269,202,27,40,257,88,169
2021,Montgomeryshire,W07000063,63748,62637,60530,265,55,25,1762,508,147,70,161,130,360,62,12,38,65,183,72,24,30,18,171,37,134
2021,Ceredigion,W07000064,71473,68776,65674,430,57,29,2586,867,190,128,292,257,1096,325,145,76,320,230,366,252,74,40,368,138,230
2021,Preseli Pembrokeshire,W07000065,77633,75745,73617,453,195,22,1458,714,182,88,242,202,748,173,59,117,107,292,182,109,44,29,244,53,191
2021,Carmarthen West and South Pembrokeshire,W07000066,77621,75216,72645,370,460,19,1722,818,191,134,293,200,991,241,73,79,163,435,229,152,50,27,367,149,218
2021,Carmarthen East and Dinefwr,W07000067,73640,72092,70489,287,87,26,1203,599,146,83,211,159,562,161,52,34,96,219,144,43,68,33,243,74,169
2021,Brecon and Radnorshire,W07000068,69421,67520,65827,316,49,22,1306,626,148,77,211,190,889,114,38,41,94,602,149,50,66,33,237,63,174
2021,Neath,W07000069,72917,71236,70251,202,32,7,744,686,221,96,214,155,645,126,53,106,149,211,191,71,75,45,159,54,105
2021,Cynon Valley,W07000070,70623,68990,67902,157,13,2,916,614,150,111,182,171,684,142,94,21,159,268,170,106,30,34,165,38,127
2021,Merthyr Tydfil and Rhymney,W07000071,74470,72520,70189,134,61,26,2110,597,162,98,154,183,968,343,103,50,178,294,123,69,23,31,262,31,231
2021,Blaenau Gwent,W07000072,66903,65456,63990,92,133,14,1227,569,219,69,138,143,621,212,71,26,140,172,115,76,29,10,142,38,104
2021,Bridgend,W07000073,85760,82349,80064,309,35,48,1893,1189,324,184,403,278,1638,462,144,116,328,588,307,192,72,43,277,51,226
2021,Ogmore,W07000074,77076,75224,74219,181,28,13,783,697,225,133,196,143,759,174,90,52,214,229,160,93,30,37,236,50,186
2021,Pontypridd,W07000075,81514,77576,75861,225,36,13,1441,977,266,158,301,252,1897,656,212,129,443,457,662,540,58,64,402,111,291
2021,Caerphilly,W07000076,85950,83739,82342,216,17,32,1132,950,274,140,279,257,957,282,85,20,290,280,129,61,40,28,175,33,142
2021,Islwyn,W07000077,74364,72834,71741,151,16,14,912,714,234,95,231,154,531,139,58,16,134,184,115,55,39,21,170,42,128
2021,Vale of Glamorgan,W07000078,102603,97675,95444,457,44,12,1718,2172,796,357,482,537,1847,522,228,132,402,563,400,165,151,84,509,194,315
2021,Cardiff West,W07000079,95049,78928,74523,606,45,95,3659,3815,1279,697,850,989,7614,1768,1688,2360,894,904,2904,2161,322,421,1788,759,1029
2021,Cardiff South and Penarth,W07000080,114039,88338,81163,632,518,236,5789,4849,1546,1017,997,1289,10388,2913,2924,1930,920,1701,6481,5026,540,915,3983,2354,1629
